title,price,my,make,model,body_type,battery,kw,range_km,odo
2021 Porsche Taycan Turbo S Y1A Auto AWD MY22,377797,2021,Porsche,Taycan,Sedan,AC460kW,460,405,0
2021 Porsche Taycan Turbo S Y1A Auto AWD MY21,369383,2021,Porsche,Taycan,Sedan,AC460kW,460,405,0
2021 Porsche Taycan Turbo Y1B Auto AWD MY22,306655,2021,Porsche,Taycan,Wagon,AC460kW,460,425,0
2021 Porsche Taycan Turbo Y1A Auto AWD MY22,303779,2021,Porsche,Taycan,Sedan,AC460kW,460,420,0
2021 Porsche Taycan Turbo Y1B Auto AWD MY21,297709,2021,Porsche,Taycan,Wagon,AC460kW,460,412,0
2021 Porsche Taycan Turbo Y1A Auto AWD MY21,294834,2021,Porsche,Taycan,Sedan,AC460kW,460,420,0
2021 Porsche Taycan 4S Y1B Auto AWD MY22,228164,2021,Porsche,Taycan,Wagon,AC360kW,360,436,0
2021 Porsche Taycan 4S Y1B Auto AWD MY21,222946,2021,Porsche,Taycan,Wagon,AC360kW,360,412,0
2021 Porsche Taycan 4S Y1A Auto AWD MY22,216875,2021,Porsche,Taycan,Sedan,AC320kW,320,365,0
2021 Porsche Taycan 4S Y1A Auto AWD MY21,211657,2021,Porsche,Taycan,Sedan,AC320kW,320,365,0
2021 Porsche Taycan 4 Y1B Auto AWD MY22,200048,2021,Porsche,Taycan,Wagon,AC280kW,280,437,0
2021 BMW iX xDrive50 Sport I20 Auto AWD,189559,2021,BMW,iX,SUV,AC385kW,385,630,0
2021 Porsche Taycan Turbo S Y1A Auto AWD MY22,377797,2021,Porsche,Taycan,Sedan,AC460kW,460,405,0
2021 Porsche Taycan Turbo S Y1A Auto AWD MY21,369383,2021,Porsche,Taycan,Sedan,AC460kW,460,405,0
2021 Porsche Taycan Turbo Y1B Auto AWD MY22,306655,2021,Porsche,Taycan,Wagon,AC460kW,460,425,0
2021 Porsche Taycan Turbo Y1A Auto AWD MY22,303779,2021,Porsche,Taycan,Sedan,AC460kW,460,420,0
2021 Porsche Taycan Turbo Y1B Auto AWD MY21,297709,2021,Porsche,Taycan,Wagon,AC460kW,460,412,0
2021 Porsche Taycan Turbo Y1A Auto AWD MY21,294834,2021,Porsche,Taycan,Sedan,AC460kW,460,420,0
2021 Porsche Taycan 4S Y1B Auto AWD MY22,228164,2021,Porsche,Taycan,Wagon,AC360kW,360,436,0
2021 Porsche Taycan 4S Y1B Auto AWD MY21,222946,2021,Porsche,Taycan,Wagon,AC360kW,360,412,0
2021 Porsche Taycan 4S Y1A Auto AWD MY22,216875,2021,Porsche,Taycan,Sedan,AC320kW,320,365,0
2021 Porsche Taycan 4S Y1A Auto AWD MY21,211657,2021,Porsche,Taycan,Sedan,AC320kW,320,365,0
2021 Porsche Taycan 4 Y1B Auto AWD MY22,200048,2021,Porsche,Taycan,Wagon,AC280kW,280,437,0
2021 BMW iX xDrive50 Sport I20 Auto AWD,189559,2021,BMW,iX,SUV,AC385kW,385,630,0
2021 Porsche Taycan Turbo S Y1A Auto AWD MY22,377797,2021,Porsche,Taycan,Sedan,AC460kW,460,405,0
2021 Porsche Taycan Turbo S Y1A Auto AWD MY21,369383,2021,Porsche,Taycan,Sedan,AC460kW,460,405,0
2021 Porsche Taycan Turbo Y1B Auto AWD MY22,306655,2021,Porsche,Taycan,Wagon,AC460kW,460,425,0
2021 Porsche Taycan Turbo Y1A Auto AWD MY22,303779,2021,Porsche,Taycan,Sedan,AC460kW,460,420,0
2021 Porsche Taycan Turbo Y1B Auto AWD MY21,297709,2021,Porsche,Taycan,Wagon,AC460kW,460,412,0
2021 Porsche Taycan Turbo Y1A Auto AWD MY21,294834,2021,Porsche,Taycan,Sedan,AC460kW,460,420,0
2021 Porsche Taycan 4S Y1B Auto AWD MY22,228164,2021,Porsche,Taycan,Wagon,AC360kW,360,436,0
2021 Porsche Taycan 4S Y1B Auto AWD MY21,222946,2021,Porsche,Taycan,Wagon,AC360kW,360,412,0
2021 Porsche Taycan 4S Y1A Auto AWD MY22,216875,2021,Porsche,Taycan,Sedan,AC320kW,320,365,0
2021 Porsche Taycan 4S Y1A Auto AWD MY21,211657,2021,Porsche,Taycan,Sedan,AC320kW,320,365,0
2021 Porsche Taycan 4 Y1B Auto AWD MY22,200048,2021,Porsche,Taycan,Wagon,AC280kW,280,437,0
2021 BMW iX xDrive50 Sport I20 Auto AWD,189559,2021,BMW,iX,SUV,AC385kW,385,630,0
2021 BMW iX xDrive50 Sport I20 Auto AWD,186790,2021,BMW,iX,SUV,AC385kW,385,630,0
2021 BMW iX xDrive50 Sport I20 Auto AWD,186790,2021,BMW,iX,SUV,AC385kW,385,630,0
2021 BMW iX xDrive50 Sport I20 Auto AWD,186790,2021,BMW,iX,SUV,AC385kW,385,630,0
2021 BMW iX xDrive50 Sport I20 Auto AWD,186790,2021,BMW,iX,SUV,AC385kW,385,630,0
2021 Audi e-tron 55 Auto quattro MY22,176300,2021,Audi,e-tron,SUV,AC265kW,265,463,0
2021 Audi e-tron 55 Auto quattro MY22,176300,2021,Audi,e-tron,SUV,AC265kW,265,463,0
2021 Audi e-tron 55 Auto quattro MY22,176300,2021,Audi,e-tron,SUV,AC265kW,265,463,0
2021 Audi e-tron 55 Auto quattro MY22,176300,2021,Audi,e-tron,SUV,AC265kW,265,463,0
2021 Audi e-tron 55 Auto quattro MY22,176300,2021,Audi,e-tron,SUV,AC265kW,265,463,0
2021 Porsche Taycan Y1A Auto RWD MY22,175980,2021,Porsche,Taycan,Sedan,AC240kW,240,369,0
2021 Audi e-tron 55 Auto quattro MY21,175631,2021,Audi,e-tron,SUV,AC265kW,265,463,0
2021 Audi e-tron 55 Auto quattro MY21,175631,2021,Audi,e-tron,SUV,AC265kW,265,463,0
2021 Audi e-tron 55 Auto quattro MY21,175631,2021,Audi,e-tron,SUV,AC265kW,265,463,0
2021 Audi e-tron 55 Auto quattro MY21,175631,2021,Audi,e-tron,SUV,AC265kW,265,463,0
2021 Audi e-tron 55 Auto quattro MY21,175631,2021,Audi,e-tron,SUV,AC265kW,265,463,0
2021 Audi e-tron 55 Auto quattro MY21,175631,2021,Audi,e-tron,SUV,AC265kW,265,463,0
2021 Audi e-tron 55 Auto quattro MY22,173850,2021,Audi,e-tron,SUV,AC265kW,265,463,0
2019 Jaguar I-PACE EV400 HSE Auto AWD MY20,173446,2019,Jaguar,I-PACE,SUV,294kW,294,270,0
2021 Audi e-tron 55 Auto quattro MY21,173182,2021,Audi,e-tron,SUV,AC265kW,265,463,0
2019 Jaguar I-PACE EV400 HSE Auto AWD MY20,172627,2019,Jaguar,I-PACE,SUV,294kW,294,270,0
2020 Audi e-tron 50 Auto quattro MY21,168100,2020,Audi,e-tron,SUV,AC230kW,230,341,0
2021 Jaguar I-PACE EV400 HSE Auto AWD MY22,167606,2021,Jaguar,I-PACE,SUV,294kW,294,270,0
2021 Audi e-tron 50 Auto quattro MY22,166715,2021,Audi,e-tron,SUV,AC230kW,230,341,0
2021 Audi e-tron 50 Auto quattro MY22,166715,2021,Audi,e-tron,SUV,AC230kW,230,341,0
2021 Audi e-tron 50 Auto quattro MY22,166715,2021,Audi,e-tron,SUV,AC230kW,230,341,0
2021 Audi e-tron 50 Auto quattro MY22,166715,2021,Audi,e-tron,SUV,AC230kW,230,341,0
2021 Audi e-tron 50 Auto quattro MY22,166715,2021,Audi,e-tron,SUV,AC230kW,230,341,0
2021 Audi e-tron 50 Auto quattro MY21,166046,2021,Audi,e-tron,SUV,AC230kW,230,341,0
2021 Audi e-tron 50 Auto quattro MY21,166046,2021,Audi,e-tron,SUV,AC230kW,230,341,0
2021 Audi e-tron 50 Auto quattro MY21,166046,2021,Audi,e-tron,SUV,AC230kW,230,341,0
2021 Audi e-tron 50 Auto quattro MY21,166046,2021,Audi,e-tron,SUV,AC230kW,230,341,0
2021 Audi e-tron 50 Auto quattro MY21,166046,2021,Audi,e-tron,SUV,AC230kW,230,341,0
2021 Audi e-tron 50 Auto quattro MY21,166046,2021,Audi,e-tron,SUV,AC230kW,230,341,0
2021 Audi e-tron 55 Auto quattro MY22,164584,2021,Audi,e-tron,SUV,AC265kW,265,452,0
2021 Audi e-tron 55 Auto quattro MY22,164584,2021,Audi,e-tron,SUV,AC265kW,265,452,0
2021 Audi e-tron 55 Auto quattro MY22,164584,2021,Audi,e-tron,SUV,AC265kW,265,452,0
2021 Audi e-tron 55 Auto quattro MY22,164584,2021,Audi,e-tron,SUV,AC265kW,265,452,0
2021 Audi e-tron 55 Auto quattro MY22,164584,2021,Audi,e-tron,SUV,AC265kW,265,452,0
2021 Audi e-tron 55 Auto quattro MY22,164584,2021,Audi,e-tron,SUV,AC265kW,265,452,0
2021 Audi e-tron 55 Auto quattro MY22,164584,2021,Audi,e-tron,SUV,AC265kW,265,452,0
2021 Audi e-tron 50 Auto quattro MY22,164266,2021,Audi,e-tron,SUV,AC230kW,230,341,0
2021 Audi e-tron 55 Auto quattro MY21,163916,2021,Audi,e-tron,SUV,AC265kW,265,452,0
2021 Audi e-tron 55 Auto quattro MY21,163916,2021,Audi,e-tron,SUV,AC265kW,265,452,0
2021 Audi e-tron 55 Auto quattro MY21,163916,2021,Audi,e-tron,SUV,AC265kW,265,452,0
2021 Audi e-tron 55 Auto quattro MY21,163916,2021,Audi,e-tron,SUV,AC265kW,265,452,0
2021 Audi e-tron 55 Auto quattro MY21,163916,2021,Audi,e-tron,SUV,AC265kW,265,452,0
2021 Audi e-tron 55 Auto quattro MY21,163916,2021,Audi,e-tron,SUV,AC265kW,265,452,0
2021 Audi e-tron 55 Auto quattro MY21,163916,2021,Audi,e-tron,SUV,AC265kW,265,452,0
2021 Audi e-tron 50 Auto quattro MY21,163597,2021,Audi,e-tron,SUV,AC230kW,230,341,0
2021 Audi e-tron 55 Auto quattro MY22,162135,2021,Audi,e-tron,SUV,AC265kW,265,452,0
2021 Audi e-tron 55 Auto quattro MY21,161466,2021,Audi,e-tron,SUV,AC265kW,265,452,0
2021 BMW iX xDrive40 Sport I20 Auto AWD,159740,2021,BMW,iX,SUV,AC240kW,240,630,0
2021 Jaguar I-PACE EV400 SE Auto AWD MY21,159299,2021,Jaguar,I-PACE,SUV,294kW,294,270,0
2021 Mercedes-Benz EQC EQC400 Electric Art Line Auto 4MATIC,159016,2021,Mercedes-Benz,EQC,SUV,AC300kW,300,434,0
2021 Mercedes-Benz EQC EQC400 Electric Art Line Auto 4MATIC,158271,2021,Mercedes-Benz,EQC,SUV,AC300kW,300,434,0
2021 Mercedes-Benz EQC EQC400 Electric Art Line Auto 4MATIC,157206,2021,Mercedes-Benz,EQC,SUV,AC300kW,300,434,0
2021 Mercedes-Benz EQC EQC400 Electric Art Line Auto 4MATIC,157206,2021,Mercedes-Benz,EQC,SUV,AC300kW,300,434,0
2021 Mercedes-Benz EQC EQC400 Electric Art Line Auto 4MATIC,157206,2021,Mercedes-Benz,EQC,SUV,AC300kW,300,434,0
2021 Mercedes-Benz EQC EQC400 Electric Art Line Auto 4MATIC,157206,2021,Mercedes-Benz,EQC,SUV,AC300kW,300,434,0
2021 Mercedes-Benz EQC EQC400 Electric Art Line Auto 4MATIC,157206,2021,Mercedes-Benz,EQC,SUV,AC300kW,300,434,0
2021 Mercedes-Benz EQC EQC400 Electric Art Line Auto 4MATIC,157206,2021,Mercedes-Benz,EQC,SUV,AC300kW,300,434,0
2021 Mercedes-Benz EQC EQC400 Electric Art Line Auto 4MATIC,157206,2021,Mercedes-Benz,EQC,SUV,AC300kW,300,434,0
2021 BMW iX xDrive40 Sport I20 Auto AWD,156971,2021,BMW,iX,SUV,AC240kW,240,630,0
2021 BMW iX xDrive40 Sport I20 Auto AWD,156971,2021,BMW,iX,SUV,AC240kW,240,630,0
2021 BMW iX xDrive40 Sport I20 Auto AWD,156971,2021,BMW,iX,SUV,AC240kW,240,630,0
2021 BMW iX xDrive40 Sport I20 Auto AWD,156971,2021,BMW,iX,SUV,AC240kW,240,630,0
2021 Audi e-tron 50 Auto quattro MY22,155000,2021,Audi,e-tron,SUV,AC230kW,230,334,0
2021 Audi e-tron 50 Auto quattro MY22,155000,2021,Audi,e-tron,SUV,AC230kW,230,334,0
2021 Audi e-tron 50 Auto quattro MY22,155000,2021,Audi,e-tron,SUV,AC230kW,230,334,0
2021 Audi e-tron 50 Auto quattro MY22,155000,2021,Audi,e-tron,SUV,AC230kW,230,334,0
2021 Audi e-tron 50 Auto quattro MY22,155000,2021,Audi,e-tron,SUV,AC230kW,230,334,0
2021 Audi e-tron 50 Auto quattro MY22,155000,2021,Audi,e-tron,SUV,AC230kW,230,334,0
2021 Audi e-tron 50 Auto quattro MY22,155000,2021,Audi,e-tron,SUV,AC230kW,230,334,0
2021 Audi e-tron 50 Auto quattro MY21,154331,2021,Audi,e-tron,SUV,AC230kW,230,334,0
2021 Audi e-tron 50 Auto quattro MY21,154331,2021,Audi,e-tron,SUV,AC230kW,230,334,0
2021 Audi e-tron 50 Auto quattro MY21,154331,2021,Audi,e-tron,SUV,AC230kW,230,334,0
2021 Audi e-tron 50 Auto quattro MY21,154331,2021,Audi,e-tron,SUV,AC230kW,230,334,0
2021 Audi e-tron 50 Auto quattro MY21,154331,2021,Audi,e-tron,SUV,AC230kW,230,334,0
2021 Audi e-tron 50 Auto quattro MY21,154331,2021,Audi,e-tron,SUV,AC230kW,230,334,0
2021 Audi e-tron 50 Auto quattro MY21,154331,2021,Audi,e-tron,SUV,AC230kW,230,334,0
2021 Jaguar I-PACE EV400 SE Auto AWD MY22,153122,2021,Jaguar,I-PACE,SUV,294kW,294,270,0
2021 Mercedes-Benz EQC EQC400 Auto 4MATIC,152732,2021,Mercedes-Benz,EQC,SUV,AC300kW,300,434,0
2021 Mercedes-Benz EQC EQC400 Auto 4MATIC,152732,2021,Mercedes-Benz,EQC,SUV,AC300kW,300,434,0
2021 Mercedes-Benz EQC EQC400 Auto 4MATIC,152732,2021,Mercedes-Benz,EQC,SUV,AC300kW,300,434,0
2021 BMW iX xDrive40 I20 Auto AWD,152710,2021,BMW,iX,SUV,AC240kW,240,425,0
2021 BMW iX xDrive40 I20 Auto AWD,152710,2021,BMW,iX,SUV,AC240kW,240,425,0
2021 BMW iX xDrive40 I20 Auto AWD,152710,2021,BMW,iX,SUV,AC240kW,240,425,0
2021 Mercedes-Benz EQC EQC400 Sport Auto 4MATIC,152550,2021,Mercedes-Benz,EQC,SUV,AC300kW,300,430,0
2021 Mercedes-Benz EQC EQC400 Sport Auto 4MATIC,152550,2021,Mercedes-Benz,EQC,SUV,AC300kW,300,430,0
2021 Audi e-tron 50 Auto quattro MY22,152550,2021,Audi,e-tron,SUV,AC230kW,230,334,0
2021 Mercedes-Benz EQC EQC400 Sport Auto 4MATIC,152550,2021,Mercedes-Benz,EQC,SUV,AC300kW,300,430,0
2021 Mercedes-Benz EQC EQC400 Auto 4MATIC,151987,2021,Mercedes-Benz,EQC,SUV,AC300kW,300,434,0
2021 Mercedes-Benz EQC EQC400 Auto 4MATIC,151987,2021,Mercedes-Benz,EQC,SUV,AC300kW,300,434,0
2021 Mercedes-Benz EQC EQC400 Auto 4MATIC,151987,2021,Mercedes-Benz,EQC,SUV,AC300kW,300,434,0
2021 Audi e-tron 50 Auto quattro MY21,151881,2021,Audi,e-tron,SUV,AC230kW,230,334,0
2021 Mercedes-Benz EQC EQC400 Sport Auto 4MATIC,151485,2021,Mercedes-Benz,EQC,SUV,AC300kW,300,430,0
2021 Mercedes-Benz EQC EQC400 Sport Auto 4MATIC,151485,2021,Mercedes-Benz,EQC,SUV,AC300kW,300,430,0
2021 Mercedes-Benz EQC EQC400 Sport Auto 4MATIC,151485,2021,Mercedes-Benz,EQC,SUV,AC300kW,300,430,0
2021 Mercedes-Benz EQC EQC400 Sport Auto 4MATIC,151485,2021,Mercedes-Benz,EQC,SUV,AC300kW,300,430,0
2021 Mercedes-Benz EQC EQC400 Sport Auto 4MATIC,151485,2021,Mercedes-Benz,EQC,SUV,AC300kW,300,430,0
2021 Mercedes-Benz EQC EQC400 Sport Auto 4MATIC,151485,2021,Mercedes-Benz,EQC,SUV,AC300kW,300,430,0
2021 Mercedes-Benz EQC EQC400 Sport Auto 4MATIC,151485,2021,Mercedes-Benz,EQC,SUV,AC300kW,300,430,0
2021 Mercedes-Benz EQC EQC400 Sport Auto 4MATIC,151485,2021,Mercedes-Benz,EQC,SUV,AC300kW,300,430,0
2021 Mercedes-Benz EQC EQC400 Sport Auto 4MATIC,151485,2021,Mercedes-Benz,EQC,SUV,AC300kW,300,430,0
2021 Mercedes-Benz EQC EQC400 Sport Auto 4MATIC,151485,2021,Mercedes-Benz,EQC,SUV,AC300kW,300,430,0
2021 Mercedes-Benz EQC EQC400 Sport Auto 4MATIC,151485,2021,Mercedes-Benz,EQC,SUV,AC300kW,300,430,0
2021 Mercedes-Benz EQC EQC400 Sport Auto 4MATIC,151485,2021,Mercedes-Benz,EQC,SUV,AC300kW,300,430,0
2021 Mercedes-Benz EQC EQC400 Auto 4MATIC,150922,2021,Mercedes-Benz,EQC,SUV,AC300kW,300,434,0
2021 Mercedes-Benz EQC EQC400 Auto 4MATIC,150922,2021,Mercedes-Benz,EQC,SUV,AC300kW,300,434,0
2021 Mercedes-Benz EQC EQC400 Auto 4MATIC,150922,2021,Mercedes-Benz,EQC,SUV,AC300kW,300,434,0
2021 Mercedes-Benz EQC EQC400 Auto 4MATIC,150922,2021,Mercedes-Benz,EQC,SUV,AC300kW,300,434,0
2021 Mercedes-Benz EQC EQC400 Auto 4MATIC,150922,2021,Mercedes-Benz,EQC,SUV,AC300kW,300,434,0
2021 Mercedes-Benz EQC EQC400 Auto 4MATIC,150922,2021,Mercedes-Benz,EQC,SUV,AC300kW,300,434,0
2021 Mercedes-Benz EQC EQC400 Auto 4MATIC,150922,2021,Mercedes-Benz,EQC,SUV,AC300kW,300,434,0
2021 Mercedes-Benz EQC EQC400 Auto 4MATIC,150922,2021,Mercedes-Benz,EQC,SUV,AC300kW,300,434,0
2021 Mercedes-Benz EQC EQC400 Auto 4MATIC,150922,2021,Mercedes-Benz,EQC,SUV,AC300kW,300,434,0
2021 Mercedes-Benz EQC EQC400 Auto 4MATIC,150922,2021,Mercedes-Benz,EQC,SUV,AC300kW,300,434,0
2021 Mercedes-Benz EQC EQC400 Auto 4MATIC,150922,2021,Mercedes-Benz,EQC,SUV,AC300kW,300,434,0
2021 Mercedes-Benz EQC EQC400 Auto 4MATIC,150922,2021,Mercedes-Benz,EQC,SUV,AC300kW,300,434,0
2021 Mercedes-Benz EQC EQC400 Auto 4MATIC,150922,2021,Mercedes-Benz,EQC,SUV,AC300kW,300,434,0
2021 BMW iX xDrive40 I20 Auto AWD,150580,2021,BMW,iX,SUV,AC240kW,240,425,0
2021 Mercedes-Benz EQC EQC400 Auto 4MATIC,133380,2021,Mercedes-Benz,EQC,SUV,AC300kW,300,430,0
2020 Jaguar I-PACE EV400 SE Auto AWD MY20,128888,2020,Jaguar,I-PACE,SUV,294kW,294,270,0
2021 Tesla Model 3 Performance Auto AWD,99166,2021,Tesla,Model 3,Sedan,335KW,335,628,0
2021 Tesla Model 3 Performance Auto AWD,97228,2021,Tesla,Model 3,Sedan,335KW,335,628,0
2021 Tesla Model 3 Performance Auto AWD,97228,2021,Tesla,Model 3,Sedan,335KW,335,628,0
2021 Tesla Model 3 Performance Auto AWD,97228,2021,Tesla,Model 3,Sedan,335KW,335,628,0
2021 Tesla Model 3 Performance Auto AWD,95151,2021,Tesla,Model 3,Sedan,335KW,335,628,0
2021 Volvo XC40 Recharge Pure Electric Auto AWD MY22,86296,2021,Volvo,XC40,SUV,150kW,150,450,0
2021 Volvo XC40 Recharge Pure Electric Auto AWD MY22,86296,2021,Volvo,XC40,SUV,150kW,150,450,0
2021 Volvo XC40 Recharge Pure Electric Auto AWD MY22,86296,2021,Volvo,XC40,SUV,150kW,150,450,0
2021 Volvo XC40 Recharge Pure Electric Auto AWD MY22,86296,2021,Volvo,XC40,SUV,150kW,150,450,0
2021 Volvo XC40 Recharge Pure Electric Auto AWD MY22,86296,2021,Volvo,XC40,SUV,150kW,150,450,0
2021 Volvo XC40 Recharge Pure Electric Auto AWD MY22,86296,2021,Volvo,XC40,SUV,150kW,150,450,0
2021 Volvo XC40 Recharge Pure Electric Auto AWD MY22,86296,2021,Volvo,XC40,SUV,150kW,150,450,0
2021 Volvo XC40 Recharge Pure Electric Auto AWD MY22,86296,2021,Volvo,XC40,SUV,150kW,150,450,0
2021 Mercedes-Benz EQA EQA250 Auto,85492,2021,Mercedes-Benz,EQA,SUV,AC140kW,140,480,0
2021 Mercedes-Benz EQA EQA250 Auto,85492,2021,Mercedes-Benz,EQA,SUV,AC140kW,140,480,0
2021 Tesla Model 3 Long Range Auto AWD,84757,2021,Tesla,Model 3,Sedan,258KW,258,657,0
2021 Mercedes-Benz EQA EQA250 Auto,84009,2021,Mercedes-Benz,EQA,SUV,AC140kW,140,480,0
2021 Mercedes-Benz EQA EQA250 Auto,84009,2021,Mercedes-Benz,EQA,SUV,AC140kW,140,480,0
2021 Mercedes-Benz EQA EQA250 Auto,84009,2021,Mercedes-Benz,EQA,SUV,AC140kW,140,480,0
2021 Mercedes-Benz EQA EQA250 Auto,84009,2021,Mercedes-Benz,EQA,SUV,AC140kW,140,480,0
2021 Mercedes-Benz EQA EQA250 Auto,84009,2021,Mercedes-Benz,EQA,SUV,AC140kW,140,480,0
2021 Mercedes-Benz EQA EQA250 Auto,84009,2021,Mercedes-Benz,EQA,SUV,AC140kW,140,480,0
2021 Mercedes-Benz EQA EQA250 Auto,84009,2021,Mercedes-Benz,EQA,SUV,AC140kW,140,480,0
2021 Mercedes-Benz EQA EQA250 Auto,84009,2021,Mercedes-Benz,EQA,SUV,AC140kW,140,480,0
2021 Mercedes-Benz EQA EQA250 Auto,84009,2021,Mercedes-Benz,EQA,SUV,AC140kW,140,480,0
2021 Mercedes-Benz EQA EQA250 Auto,84009,2021,Mercedes-Benz,EQA,SUV,AC140kW,140,480,0
2021 Mercedes-Benz EQA EQA250 Auto,84009,2021,Mercedes-Benz,EQA,SUV,AC140kW,140,480,0
2021 Mercedes-Benz EQA EQA250 Auto,84009,2021,Mercedes-Benz,EQA,SUV,AC140kW,140,480,0
2021 Tesla Model 3 Long Range Auto AWD,82819,2021,Tesla,Model 3,Sedan,258KW,258,657,0
2021 Tesla Model 3 Long Range Auto AWD,82819,2021,Tesla,Model 3,Sedan,258KW,258,657,0
2021 Tesla Model 3 Long Range Auto AWD,82819,2021,Tesla,Model 3,Sedan,258KW,258,657,0
2021 Mercedes-Benz EQA EQA250 Auto,82788,2021,Mercedes-Benz,EQA,SUV,AC140kW,140,480,0
2021 Mercedes-Benz EQA EQA250 Auto,82788,2021,Mercedes-Benz,EQA,SUV,AC140kW,140,480,0
2021 Mercedes-Benz EQA EQA250 Auto,82788,2021,Mercedes-Benz,EQA,SUV,AC140kW,140,480,0
2021 Mercedes-Benz EQA EQA250 Auto,82788,2021,Mercedes-Benz,EQA,SUV,AC140kW,140,480,0
2021 BMW i3 s 120Ah I01 Auto,81328,2021,BMW,i3,Hatch,DC135kW,135,260,0
2021 BMW i3 s 120Ah I01 Auto,81328,2021,BMW,i3,Hatch,DC135kW,135,260,0
2021 BMW i3 s 120Ah I01 Auto,81328,2021,BMW,i3,Hatch,DC135kW,135,260,0
2021 BMW i3 s 120Ah I01 Auto,81328,2021,BMW,i3,Hatch,DC135kW,135,260,0
2021 Tesla Model 3 Long Range Auto AWD,80742,2021,Tesla,Model 3,Sedan,258KW,258,657,0
2021 BMW i3 s 120Ah I01 Auto,80060,2021,BMW,i3,Hatch,DC135kW,135,260,0
2021 BMW i3 s 120Ah I01 Auto,80060,2021,BMW,i3,Hatch,DC135kW,135,260,0
2021 BMW i3 s 120Ah I01 Auto,80060,2021,BMW,i3,Hatch,DC135kW,135,260,0
2021 BMW i3 s 120Ah I01 Auto,80060,2021,BMW,i3,Hatch,DC135kW,135,260,0
2021 BMW i3 s 120Ah I01 Auto,80060,2021,BMW,i3,Hatch,DC135kW,135,260,0
2021 Hyundai Kona electric Highlander Auto MY21,73054,2021,Hyundai,Kona,SUV,DC150kW,150,557,0
2021 Hyundai Kona electric Highlander Auto MY21,72695,2021,Hyundai,Kona,SUV,DC150kW,150,557,0
2021 Kia Niro EV Sport Auto 2WD MY21,71510,2021,Kia,Niro,SUV,DC150kW,150,455,0
2021 Kia Niro EV Sport Auto 2WD MY21,71510,2021,Kia,Niro,SUV,DC150kW,150,455,0
2021 Kia Niro EV Sport Auto 2WD MY21,71510,2021,Kia,Niro,SUV,DC150kW,150,455,0
2021 Kia Niro EV Sport Auto 2WD MY21,71510,2021,Kia,Niro,SUV,DC150kW,150,455,0
2021 Kia Niro EV Sport Auto 2WD MY21,71510,2021,Kia,Niro,SUV,DC150kW,150,455,0
2021 Kia Niro EV Sport Auto 2WD MY21,71510,2021,Kia,Niro,SUV,DC150kW,150,455,0
2021 Kia Niro EV Sport Auto 2WD MY21,71510,2021,Kia,Niro,SUV,DC150kW,150,455,0
2021 Kia Niro EV Sport Auto 2WD MY21,71510,2021,Kia,Niro,SUV,DC150kW,150,455,0
2021 Kia Niro EV Sport Auto 2WD MY21,71510,2021,Kia,Niro,SUV,DC150kW,150,455,0
2021 Kia Niro EV Sport Auto 2WD MY21,71510,2021,Kia,Niro,SUV,DC150kW,150,455,0
2021 Kia Niro EV Sport Auto 2WD MY21,71510,2021,Kia,Niro,SUV,DC150kW,150,455,0
2021 Hyundai Kona electric Highlander Auto MY21,71479,2021,Hyundai,Kona,SUV,DC150kW,150,557,0
2021 Hyundai Kona electric Highlander Auto MY21,71479,2021,Hyundai,Kona,SUV,DC150kW,150,557,0
2021 Hyundai Kona electric Highlander Auto MY21,71479,2021,Hyundai,Kona,SUV,DC150kW,150,557,0
2021 Hyundai Kona electric Highlander Auto MY21,71479,2021,Hyundai,Kona,SUV,DC150kW,150,557,0
2021 Hyundai Kona electric Highlander Auto MY21,71479,2021,Hyundai,Kona,SUV,DC150kW,150,557,0
2021 Hyundai Kona electric Highlander Auto MY21,71479,2021,Hyundai,Kona,SUV,DC150kW,150,557,0
2021 Hyundai Kona electric Highlander Auto MY21,71479,2021,Hyundai,Kona,SUV,DC150kW,150,557,0
2021 Hyundai Kona electric Highlander Auto MY21,71174,2021,Hyundai,Kona,SUV,DC150kW,150,557,0
2021 Hyundai Kona electric Highlander Auto MY21,71174,2021,Hyundai,Kona,SUV,DC150kW,150,557,0
2021 Hyundai Kona electric Highlander Auto MY21,71174,2021,Hyundai,Kona,SUV,DC150kW,150,557,0
2021 Kia Niro EV Sport Auto 2WD MY21,70990,2021,Kia,Niro,SUV,DC150kW,150,455,0
2021 Kia Niro EV Sport Auto 2WD MY21,70990,2021,Kia,Niro,SUV,DC150kW,150,455,0
2021 Kia Niro EV Sport Auto 2WD MY21,70990,2021,Kia,Niro,SUV,DC150kW,150,455,0
2021 Hyundai Kona electric Highlander Auto MY21,70845,2021,Hyundai,Kona,SUV,DC150kW,150,557,0
2021 Hyundai Kona electric Highlander Auto MY21,70845,2021,Hyundai,Kona,SUV,DC150kW,150,557,0
2021 Hyundai Kona electric Highlander Auto MY21,70845,2021,Hyundai,Kona,SUV,DC150kW,150,557,0
2021 Hyundai Kona electric Highlander Auto MY21,70845,2021,Hyundai,Kona,SUV,DC150kW,150,557,0
2021 MINI Hatch Cooper SE MINI Yours Auto,70420,2021,MINI,Hatch,Hatch,DC135kW,135,215,0
2021 MINI Hatch Cooper SE MINI Yours Auto,70420,2021,MINI,Hatch,Hatch,DC135kW,135,215,0
2021 MINI Hatch Cooper SE MINI Yours Auto,70420,2021,MINI,Hatch,Hatch,DC135kW,135,215,0
2021 MINI Hatch Cooper SE MINI Yours Auto,70420,2021,MINI,Hatch,Hatch,DC135kW,135,215,0
2021 MINI Hatch Cooper SE MINI Yours Auto,70420,2021,MINI,Hatch,Hatch,DC135kW,135,215,0
2021 Tesla Model 3 Standard Range Plus Auto,69404,2021,Tesla,Model 3,Sedan,AC190kW,190,508,0
2021 Hyundai Kona electric Highlander Auto MY21,68287,2021,Hyundai,Kona,SUV,DC150kW,150,557,0
2021 Hyundai Kona electric Highlander Auto MY21,68287,2021,Hyundai,Kona,SUV,DC150kW,150,557,0
2021 Hyundai Kona electric Highlander Auto MY21,68287,2021,Hyundai,Kona,SUV,DC150kW,150,557,0
2021 Hyundai Kona electric Highlander Auto MY21,68287,2021,Hyundai,Kona,SUV,DC150kW,150,557,0
2021 Kia Niro EV S Auto 2WD MY21,68010,2021,Kia,Niro,SUV,DC150kW,150,455,0
2021 Kia Niro EV S Auto 2WD MY21,68010,2021,Kia,Niro,SUV,DC150kW,150,455,0
2021 Kia Niro EV S Auto 2WD MY21,68010,2021,Kia,Niro,SUV,DC150kW,150,455,0
2021 Kia Niro EV S Auto 2WD MY21,68010,2021,Kia,Niro,SUV,DC150kW,150,455,0
2021 Kia Niro EV S Auto 2WD MY21,68010,2021,Kia,Niro,SUV,DC150kW,150,455,0
2021 Kia Niro EV S Auto 2WD MY21,68010,2021,Kia,Niro,SUV,DC150kW,150,455,0
2021 Kia Niro EV S Auto 2WD MY21,68010,2021,Kia,Niro,SUV,DC150kW,150,455,0
2021 Kia Niro EV S Auto 2WD MY21,68010,2021,Kia,Niro,SUV,DC150kW,150,455,0
2021 Kia Niro EV S Auto 2WD MY21,68010,2021,Kia,Niro,SUV,DC150kW,150,455,0
2021 Tesla Model 3 Standard Range Plus Auto,67913,2021,Tesla,Model 3,Sedan,AC190kW,190,508,0
2021 Tesla Model 3 Standard Range Plus Auto,67913,2021,Tesla,Model 3,Sedan,AC190kW,190,508,0
2021 Tesla Model 3 Standard Range Plus Auto,67913,2021,Tesla,Model 3,Sedan,AC190kW,190,508,0
2021 Hyundai Kona electric Elite Auto MY21,67751,2021,Hyundai,Kona,SUV,DC150kW,150,557,0
2021 Hyundai Kona electric Elite Auto MY21,67751,2021,Hyundai,Kona,SUV,DC150kW,150,557,0
2021 Hyundai Kona electric Elite Auto MY21,67751,2021,Hyundai,Kona,SUV,DC150kW,150,557,0
2021 Hyundai Kona electric Elite Auto MY21,67751,2021,Hyundai,Kona,SUV,DC150kW,150,557,0
2021 Kia Niro EV S Auto 2WD MY21,67490,2021,Kia,Niro,SUV,DC150kW,150,455,0
2021 Kia Niro EV S Auto 2WD MY21,67490,2021,Kia,Niro,SUV,DC150kW,150,455,0
2021 Hyundai Kona electric Elite Auto MY21,67118,2021,Hyundai,Kona,SUV,DC150kW,150,557,0
2021 Nissan LEAF e+ ZE1 Auto,66990,2021,Nissan,LEAF,Hatch,AC160kW,160,450,0
2021 Hyundai Kona electric Elite Auto MY21,66974,2021,Hyundai,Kona,SUV,DC150kW,150,557,0
2021 Tesla Model 3 Standard Range Plus Auto,66316,2021,Tesla,Model 3,Sedan,AC190kW,190,508,0
2021 Nissan LEAF e+ ZE1 Auto,65985,2021,Nissan,LEAF,Hatch,AC160kW,160,450,0
2021 Nissan LEAF e+ ZE1 Auto,65985,2021,Nissan,LEAF,Hatch,AC160kW,160,450,0
2021 Nissan LEAF e+ ZE1 Auto,65985,2021,Nissan,LEAF,Hatch,AC160kW,160,450,0
2021 Nissan LEAF e+ ZE1 Auto,65985,2021,Nissan,LEAF,Hatch,AC160kW,160,450,0
2021 Nissan LEAF e+ ZE1 Auto,65985,2021,Nissan,LEAF,Hatch,AC160kW,160,450,0
2021 Nissan LEAF e+ ZE1 Auto,65985,2021,Nissan,LEAF,Hatch,AC160kW,160,450,0
2021 Nissan LEAF e+ ZE1 Auto,65985,2021,Nissan,LEAF,Hatch,AC160kW,160,450,0
2021 Nissan LEAF e+ ZE1 Auto,65985,2021,Nissan,LEAF,Hatch,AC160kW,160,450,0
2021 Nissan LEAF e+ ZE1 Auto,65985,2021,Nissan,LEAF,Hatch,AC160kW,160,450,0
2020 Hyundai Kona electric Elite Auto MY20,65649,2020,Hyundai,Kona,SUV,DC150kW,150,557,0
2021 Hyundai Kona electric Elite Auto MY21,65640,2021,Hyundai,Kona,SUV,DC150kW,150,557,0
2021 Nissan LEAF e+ ZE1 Auto,65585,2021,Nissan,LEAF,Hatch,AC160kW,160,450,0
2021 Nissan LEAF e+ ZE1 Auto,65585,2021,Nissan,LEAF,Hatch,AC160kW,160,450,0
2021 Nissan LEAF e+ ZE1 Auto,65585,2021,Nissan,LEAF,Hatch,AC160kW,160,450,0
2021 Nissan LEAF e+ ZE1 Auto,65585,2021,Nissan,LEAF,Hatch,AC160kW,160,450,0
2021 Nissan LEAF e+ ZE1 Auto,65585,2021,Nissan,LEAF,Hatch,AC160kW,160,450,0
2021 Nissan LEAF e+ ZE1 Auto,64990,2021,Nissan,LEAF,Hatch,AC160kW,160,450,0
2021 Nissan LEAF e+ ZE1 Auto,64990,2021,Nissan,LEAF,Hatch,AC160kW,160,450,0
2021 Nissan LEAF e+ ZE1 Auto,64990,2021,Nissan,LEAF,Hatch,AC160kW,160,450,0
2021 Nissan LEAF e+ ZE1 Auto,64990,2021,Nissan,LEAF,Hatch,AC160kW,160,450,0
2021 Nissan LEAF e+ ZE1 Auto,64990,2021,Nissan,LEAF,Hatch,AC160kW,160,450,0
2021 Nissan LEAF e+ ZE1 Auto,64990,2021,Nissan,LEAF,Hatch,AC160kW,160,450,0
2021 Nissan LEAF e+ ZE1 Auto,64490,2021,Nissan,LEAF,Hatch,AC160kW,160,450,0
2021 Hyundai Kona electric Highlander Auto MY21,64430,2021,Hyundai,Kona,SUV,DC100kW,100,305,0
2021 Hyundai Kona electric Elite Auto MY21,64119,2021,Hyundai,Kona,SUV,DC150kW,150,557,0
2021 Hyundai Kona electric Elite Auto MY21,64119,2021,Hyundai,Kona,SUV,DC150kW,150,557,0
2021 Nissan LEAF e+ ZE1 Auto,63888,2021,Nissan,LEAF,Hatch,AC160kW,160,450,0
2021 MINI Hatch Cooper SE Classic Auto,62779,2021,MINI,Hatch,Hatch,DC135kW,135,215,0
2021 MINI Hatch Cooper SE Classic Auto,62779,2021,MINI,Hatch,Hatch,DC135kW,135,215,0
2021 MINI Hatch Cooper SE Classic Auto,62779,2021,MINI,Hatch,Hatch,DC135kW,135,215,0
2021 MINI Hatch Cooper SE Classic Auto,62779,2021,MINI,Hatch,Hatch,DC135kW,135,215,0
2021 MINI Hatch Cooper SE Classic Auto,62779,2021,MINI,Hatch,Hatch,DC135kW,135,215,0
2021 Hyundai IONIQ electric Premium Auto MY21,60811,2021,Hyundai,IONIQ,Hatch,DC100kW,100,373,0
2021 Hyundai IONIQ electric Premium Auto MY21,60811,2021,Hyundai,IONIQ,Hatch,DC100kW,100,373,0
2021 Hyundai IONIQ electric Premium Auto MY22,60811,2021,Hyundai,IONIQ,Hatch,DC100kW,100,373,0
2021 Hyundai IONIQ electric Premium Auto MY22,60811,2021,Hyundai,IONIQ,Hatch,DC100kW,100,373,0
2021 Hyundai Kona electric Elite Auto MY21,60703,2021,Hyundai,Kona,SUV,DC100kW,100,305,0
2021 Hyundai IONIQ electric Premium Auto MY22,60284,2021,Hyundai,IONIQ,Hatch,DC100kW,100,373,0
2021 Hyundai IONIQ electric Premium Auto MY22,60284,2021,Hyundai,IONIQ,Hatch,DC100kW,100,373,0
2021 Hyundai IONIQ electric Premium Auto MY21,60284,2021,Hyundai,IONIQ,Hatch,DC100kW,100,373,0
2021 Hyundai IONIQ electric Premium Auto MY21,60284,2021,Hyundai,IONIQ,Hatch,DC100kW,100,373,0
2021 Hyundai IONIQ electric Premium Auto MY22,60284,2021,Hyundai,IONIQ,Hatch,DC100kW,100,373,0
2021 Hyundai IONIQ electric Premium Auto MY21,60284,2021,Hyundai,IONIQ,Hatch,DC100kW,100,373,0
2021 Hyundai Kona electric Elite Auto MY21,59047,2021,Hyundai,Kona,SUV,DC100kW,100,305,0
2021 Hyundai Kona electric Elite Auto MY21,59047,2021,Hyundai,Kona,SUV,DC100kW,100,305,0
2021 Hyundai IONIQ electric Premium Auto MY22,58537,2021,Hyundai,IONIQ,Hatch,DC100kW,100,373,0
2021 Hyundai IONIQ electric Premium Auto MY21,58537,2021,Hyundai,IONIQ,Hatch,DC100kW,100,373,0
2021 Hyundai IONIQ electric Premium Auto MY21,58537,2021,Hyundai,IONIQ,Hatch,DC100kW,100,373,0
2021 Hyundai IONIQ electric Premium Auto MY21,57490,2021,Hyundai,IONIQ,Hatch,DC100kW,100,373,0
2021 Hyundai IONIQ electric Premium Auto MY21,57490,2021,Hyundai,IONIQ,Hatch,DC100kW,100,373,0
2021 Hyundai IONIQ electric Elite Auto MY22,56509,2021,Hyundai,IONIQ,Hatch,DC100kW,100,373,0
2021 Hyundai IONIQ electric Elite Auto MY21,56509,2021,Hyundai,IONIQ,Hatch,DC100kW,100,373,0
2021 Hyundai IONIQ electric Elite Auto MY22,56509,2021,Hyundai,IONIQ,Hatch,DC100kW,100,373,0
2021 Hyundai IONIQ electric Elite Auto MY21,56509,2021,Hyundai,IONIQ,Hatch,DC100kW,100,373,0
2021 Hyundai IONIQ electric Elite Auto MY22,56509,2021,Hyundai,IONIQ,Hatch,DC100kW,100,373,0
2021 Hyundai IONIQ electric Elite Auto MY21,56509,2021,Hyundai,IONIQ,Hatch,DC100kW,100,373,0
2021 Hyundai Kona electric Elite Auto MY21,56300,2021,Hyundai,Kona,SUV,DC100kW,100,305,0
2021 Hyundai Kona electric Elite Auto MY21,56300,2021,Hyundai,Kona,SUV,DC100kW,100,305,0
2021 Hyundai Kona electric Elite Auto MY21,56300,2021,Hyundai,Kona,SUV,DC100kW,100,305,0
2021 Hyundai Kona electric Elite Auto MY21,56300,2021,Hyundai,Kona,SUV,DC100kW,100,305,0
2021 Hyundai Kona electric Elite Auto MY21,56300,2021,Hyundai,Kona,SUV,DC100kW,100,305,0
2021 Hyundai Kona electric Elite Auto MY21,56300,2021,Hyundai,Kona,SUV,DC100kW,100,305,0
2021 Hyundai IONIQ electric Elite Auto MY21,55982,2021,Hyundai,IONIQ,Hatch,DC100kW,100,373,0
2021 Hyundai IONIQ electric Elite Auto MY22,55982,2021,Hyundai,IONIQ,Hatch,DC100kW,100,373,0
2021 Hyundai IONIQ electric Elite Auto MY21,55982,2021,Hyundai,IONIQ,Hatch,DC100kW,100,373,0
2021 Hyundai IONIQ electric Elite Auto MY22,55982,2021,Hyundai,IONIQ,Hatch,DC100kW,100,373,0
2021 Hyundai IONIQ electric Elite Auto MY21,55982,2021,Hyundai,IONIQ,Hatch,DC100kW,100,373,0
2021 Hyundai IONIQ electric Premium Auto MY21,55793,2021,Hyundai,IONIQ,Hatch,DC100kW,100,373,0
2021 Hyundai IONIQ electric Premium Auto MY21,55793,2021,Hyundai,IONIQ,Hatch,DC100kW,100,373,0
2021 Hyundai IONIQ electric Premium Auto MY21,55793,2021,Hyundai,IONIQ,Hatch,DC100kW,100,373,0
2021 Hyundai IONIQ electric Premium Auto MY21,55793,2021,Hyundai,IONIQ,Hatch,DC100kW,100,373,0
2021 Hyundai IONIQ electric Premium Auto MY21,55793,2021,Hyundai,IONIQ,Hatch,DC100kW,100,373,0
2021 Hyundai IONIQ electric Premium Auto MY21,55793,2021,Hyundai,IONIQ,Hatch,DC100kW,100,373,0
2021 Hyundai IONIQ electric Premium Auto MY21,55793,2021,Hyundai,IONIQ,Hatch,DC100kW,100,373,0
2021 Hyundai IONIQ electric Premium Auto MY21,55793,2021,Hyundai,IONIQ,Hatch,DC100kW,100,373,0
2021 Hyundai IONIQ electric Premium Auto MY21,55793,2021,Hyundai,IONIQ,Hatch,DC100kW,100,373,0
2021 Hyundai IONIQ electric Premium Auto MY21,55793,2021,Hyundai,IONIQ,Hatch,DC100kW,100,373,0
2021 Hyundai IONIQ electric Premium Auto MY21,55793,2021,Hyundai,IONIQ,Hatch,DC100kW,100,373,0
2021 Hyundai IONIQ electric Elite Auto MY22,54337,2021,Hyundai,IONIQ,Hatch,DC100kW,100,373,0
2021 Hyundai IONIQ electric Elite Auto MY22,54337,2021,Hyundai,IONIQ,Hatch,DC100kW,100,373,0
2021 Nissan LEAF ZE1 Auto,54180,2021,Nissan,LEAF,Hatch,AC110kW,110,315,0
2021 Nissan LEAF ZE1 Auto,54180,2021,Nissan,LEAF,Hatch,AC110kW,110,315,0
2021 Nissan LEAF ZE1 Auto,54180,2021,Nissan,LEAF,Hatch,AC110kW,110,315,0
2021 Nissan LEAF ZE1 Auto,54180,2021,Nissan,LEAF,Hatch,AC110kW,110,315,0
2021 Nissan LEAF ZE1 Auto,54180,2021,Nissan,LEAF,Hatch,AC110kW,110,315,0
2021 Nissan LEAF ZE1 Auto,54180,2021,Nissan,LEAF,Hatch,AC110kW,110,315,0
2021 Nissan LEAF ZE1 Auto,54180,2021,Nissan,LEAF,Hatch,AC110kW,110,315,0
2021 Nissan LEAF ZE1 Auto,54180,2021,Nissan,LEAF,Hatch,AC110kW,110,315,0
2021 Nissan LEAF ZE1 Auto,54180,2021,Nissan,LEAF,Hatch,AC110kW,110,315,0
2021 Nissan LEAF ZE1 Auto,54180,2021,Nissan,LEAF,Hatch,AC110kW,110,315,0
2021 Nissan LEAF ZE1 Auto,54180,2021,Nissan,LEAF,Hatch,AC110kW,110,315,0
2021 Nissan LEAF ZE1 Auto,54180,2021,Nissan,LEAF,Hatch,AC110kW,110,315,0
2021 Nissan LEAF ZE1 Auto,54180,2021,Nissan,LEAF,Hatch,AC110kW,110,315,0
2021 Nissan LEAF ZE1 Auto,54180,2021,Nissan,LEAF,Hatch,AC110kW,110,315,0
2021 Nissan LEAF ZE1 Auto,54180,2021,Nissan,LEAF,Hatch,AC110kW,110,315,0
2021 Nissan LEAF ZE1 Auto,54180,2021,Nissan,LEAF,Hatch,AC110kW,110,315,0
2021 Nissan LEAF ZE1 Auto,54180,2021,Nissan,LEAF,Hatch,AC110kW,110,315,0
2021 Renault Kangoo Maxi Z.E LWB Auto MY21,53997,2021,Renault,Kangoo,Van,AC44kWE,44,200,0
2021 Renault Kangoo Maxi Z.E LWB Auto MY21,53997,2021,Renault,Kangoo,Van,AC44kWE,44,200,0
2021 Nissan LEAF ZE1 Auto,53785,2021,Nissan,LEAF,Hatch,AC110kW,110,315,0
2021 Nissan LEAF ZE1 Auto,53785,2021,Nissan,LEAF,Hatch,AC110kW,110,315,0
2021 Nissan LEAF ZE1 Auto,53785,2021,Nissan,LEAF,Hatch,AC110kW,110,315,0
2021 Nissan LEAF ZE1 Auto,53785,2021,Nissan,LEAF,Hatch,AC110kW,110,315,0
2021 Nissan LEAF ZE1 Auto,53785,2021,Nissan,LEAF,Hatch,AC110kW,110,315,0
2021 Nissan LEAF ZE1 Auto,53785,2021,Nissan,LEAF,Hatch,AC110kW,110,315,0
2021 Nissan LEAF ZE1 Auto,53785,2021,Nissan,LEAF,Hatch,AC110kW,110,315,0
2021 Hyundai IONIQ electric Elite Auto MY22,53370,2021,Hyundai,IONIQ,Hatch,DC100kW,100,373,0
2021 Hyundai IONIQ electric Elite Auto MY22,53370,2021,Hyundai,IONIQ,Hatch,DC100kW,100,373,0
2021 Nissan LEAF ZE1 Auto,53190,2021,Nissan,LEAF,Hatch,AC110kW,110,315,0
2021 Nissan LEAF ZE1 Auto,53190,2021,Nissan,LEAF,Hatch,AC110kW,110,315,0
2021 Nissan LEAF ZE1 Auto,53190,2021,Nissan,LEAF,Hatch,AC110kW,110,315,0
2021 Nissan LEAF ZE1 Auto,53190,2021,Nissan,LEAF,Hatch,AC110kW,110,315,0
2021 Nissan LEAF ZE1 Auto,53190,2021,Nissan,LEAF,Hatch,AC110kW,110,315,0
2021 Hyundai IONIQ electric Elite Auto MY21,51585,2021,Hyundai,IONIQ,Hatch,DC100kW,100,373,0
2019 Nissan LEAF ZE1 Auto,48790,2019,Nissan,LEAF,Hatch,AC110kW,110,270,0
2020 Nissan LEAF ZE1 Auto,47997,2020,Nissan,LEAF,Hatch,AC110kW,110,270,0
2020 MG ZS EV Essence Auto MY21,45690,2020,MG,ZS EV,SUV,AC105kW,105,263,0
2020 MG ZS EV Essence Auto MY21,45690,2020,MG,ZS EV,SUV,AC105kW,105,263,0
2021 MG ZS EV Essence Auto MY21,45690,2021,MG,ZS EV,SUV,AC105kW,105,263,0
2021 MG ZS EV Essence Auto MY21,45690,2021,MG,ZS EV,SUV,AC105kW,105,263,0
2020 MG ZS EV Essence Auto MY21,45690,2020,MG,ZS EV,SUV,AC105kW,105,263,0
2020 MG ZS EV Essence Auto MY21,45690,2020,MG,ZS EV,SUV,AC105kW,105,263,0
2021 MG ZS EV Essence Auto MY21,45690,2021,MG,ZS EV,SUV,AC105kW,105,263,0
2021 MG ZS EV Essence Auto MY21,45690,2021,MG,ZS EV,SUV,AC105kW,105,263,0
2020 MG ZS EV Essence Auto MY21,45690,2020,MG,ZS EV,SUV,AC105kW,105,263,0
2021 MG ZS EV Essence Auto MY21,45690,2021,MG,ZS EV,SUV,AC105kW,105,263,0
2021 MG ZS EV Essence Auto MY21,45690,2021,MG,ZS EV,SUV,AC105kW,105,263,0
2020 MG ZS EV Essence Auto MY21,45690,2020,MG,ZS EV,SUV,AC105kW,105,263,0
2021 MG ZS EV Essence Auto MY21,45690,2021,MG,ZS EV,SUV,AC105kW,105,263,0
2020 MG ZS EV Essence Auto MY21,45690,2020,MG,ZS EV,SUV,AC105kW,105,263,0
2021 MG ZS EV Essence Auto MY21,45690,2021,MG,ZS EV,SUV,AC105kW,105,263,0
2020 MG ZS EV Essence Auto MY21,45690,2020,MG,ZS EV,SUV,AC105kW,105,263,0
2021 MG ZS EV Essence Auto MY21,45690,2021,MG,ZS EV,SUV,AC105kW,105,263,0
2021 MG ZS EV Essence Auto MY21,45690,2021,MG,ZS EV,SUV,AC105kW,105,263,0
2020 MG ZS EV Essence Auto MY21,45690,2020,MG,ZS EV,SUV,AC105kW,105,263,0
2021 MG ZS EV Essence Auto MY21,45690,2021,MG,ZS EV,SUV,AC105kW,105,263,0
2020 MG ZS EV Essence Auto MY21,45690,2020,MG,ZS EV,SUV,AC105kW,105,263,0
2020 MG ZS EV Essence Auto MY21,45690,2020,MG,ZS EV,SUV,AC105kW,105,263,0
2020 MG ZS EV Essence Auto MY21,45490,2020,MG,ZS EV,SUV,AC105kW,105,263,0
2021 MG ZS EV Essence Auto MY21,45485,2021,MG,ZS EV,SUV,AC105kW,105,263,0
2020 MG ZS EV Essence Auto MY21,44990,2020,MG,ZS EV,SUV,AC105kW,105,263,0
2021 MG ZS EV Essence Auto MY21,44990,2021,MG,ZS EV,SUV,AC105kW,105,263,0
2020 MG ZS EV Essence Auto MY21,44990,2020,MG,ZS EV,SUV,AC105kW,105,263,0
2020 MG ZS EV Essence Auto MY21,44990,2020,MG,ZS EV,SUV,AC105kW,105,263,0
2020 MG ZS EV Essence Auto MY21,44990,2020,MG,ZS EV,SUV,AC105kW,105,263,0
2020 MG ZS EV Essence Auto MY21,44990,2020,MG,ZS EV,SUV,AC105kW,105,263,0
2020 MG ZS EV Essence Auto MY21,44990,2020,MG,ZS EV,SUV,AC105kW,105,263,0
2020 MG ZS EV Essence Auto MY21,44990,2020,MG,ZS EV,SUV,AC105kW,105,263,0
2020 MG ZS EV Essence Auto MY21,44990,2020,MG,ZS EV,SUV,AC105kW,105,263,0
2020 MG ZS EV Essence Auto MY21,44990,2020,MG,ZS EV,SUV,AC105kW,105,263,0
2021 MG ZS EV Essence Auto MY21,44990,2021,MG,ZS EV,SUV,AC105kW,105,263,0
2021 MG ZS EV Essence Auto MY21,44990,2021,MG,ZS EV,SUV,AC105kW,105,263,0
2020 MG ZS EV Essence Auto MY21,44990,2020,MG,ZS EV,SUV,AC105kW,105,263,0
2021 MG ZS EV Essence Auto MY21,44990,2021,MG,ZS EV,SUV,AC105kW,105,263,0
2021 MG ZS EV Essence Auto MY21,44990,2021,MG,ZS EV,SUV,AC105kW,105,263,0
2021 MG ZS EV Essence Auto MY21,44990,2021,MG,ZS EV,SUV,AC105kW,105,263,0
2020 MG ZS EV Essence Auto MY21,44990,2020,MG,ZS EV,SUV,AC105kW,105,263,0
2021 MG ZS EV Essence Auto MY21,44990,2021,MG,ZS EV,SUV,AC105kW,105,263,0
2020 MG ZS EV Essence Auto MY21,44990,2020,MG,ZS EV,SUV,AC105kW,105,263,0
2021 MG ZS EV Essence Auto MY21,44990,2021,MG,ZS EV,SUV,AC105kW,105,263,0
2020 MG ZS EV Essence Auto MY21,44990,2020,MG,ZS EV,SUV,AC105kW,105,263,0
2021 MG ZS EV Essence Auto MY21,44990,2021,MG,ZS EV,SUV,AC105kW,105,263,0
2020 MG ZS EV Essence Auto MY21,44990,2020,MG,ZS EV,SUV,AC105kW,105,263,0
2021 MG ZS EV Essence Auto MY21,44990,2021,MG,ZS EV,SUV,AC105kW,105,263,0
2020 MG ZS EV Essence Auto MY21,44990,2020,MG,ZS EV,SUV,AC105kW,105,263,0
2020 MG ZS EV Essence Auto MY21,44990,2020,MG,ZS EV,SUV,AC105kW,105,263,0
2021 MG ZS EV Essence Auto MY21,44990,2021,MG,ZS EV,SUV,AC105kW,105,263,0
2020 MG ZS EV Essence Auto MY21,44990,2020,MG,ZS EV,SUV,AC105kW,105,263,0
2020 MG ZS EV Essence Auto MY21,44990,2020,MG,ZS EV,SUV,AC105kW,105,263,0
2021 MG ZS EV Essence Auto MY21,44990,2021,MG,ZS EV,SUV,AC105kW,105,263,0
2020 MG ZS EV Essence Auto MY21,44990,2020,MG,ZS EV,SUV,AC105kW,105,263,0
2021 MG ZS EV Essence Auto MY21,44990,2021,MG,ZS EV,SUV,AC105kW,105,263,0
2021 MG ZS EV Essence Auto MY21,44888,2021,MG,ZS EV,SUV,AC105kW,105,263,0
2020 MG ZS EV Essence Auto MY21,44700,2020,MG,ZS EV,SUV,AC105kW,105,263,0
2020 MG ZS EV Essence Auto MY21,44663,2020,MG,ZS EV,SUV,AC105kW,105,263,0
2020 MG ZS EV Essence Auto MY21,44490,2020,MG,ZS EV,SUV,AC105kW,105,263,0
2020 MG ZS EV Essence Auto MY21,44363,2020,MG,ZS EV,SUV,AC105kW,105,263,0
2020 MG ZS EV Essence Auto MY21,44363,2020,MG,ZS EV,SUV,AC105kW,105,263,0
2020 MG ZS EV Essence Auto MY21,43990,2020,MG,ZS EV,SUV,AC105kW,105,263,0
2020 MG ZS EV Essence Auto MY21,43990,2020,MG,ZS EV,SUV,AC105kW,105,263,0
2020 MG ZS EV Essence Auto MY21,43990,2020,MG,ZS EV,SUV,AC105kW,105,263,0
2020 MG ZS EV Essence Auto MY21,43990,2020,MG,ZS EV,SUV,AC105kW,105,263,0
2020 MG ZS EV Essence Auto MY21,43990,2020,MG,ZS EV,SUV,AC105kW,105,263,0
2020 MG ZS EV Essence Auto MY21,43990,2020,MG,ZS EV,SUV,AC105kW,105,263,0
2020 MG ZS EV Essence Auto MY21,43990,2020,MG,ZS EV,SUV,AC105kW,105,263,0
2020 MG ZS EV Essence Auto MY21,43500,2020,MG,ZS EV,SUV,AC105kW,105,263,0
2020 MG ZS EV Essence Auto MY21,41990,2020,MG,ZS EV,SUV,AC105kW,105,263,0
2020 MG ZS EV Essence Auto MY21,41990,2020,MG,ZS EV,SUV,AC105kW,105,263,0
2020 MG ZS EV Essence Auto MY21,41990,2020,MG,ZS EV,SUV,AC105kW,105,263,0
2020 MG ZS EV Essence Auto MY21,41990,2020,MG,ZS EV,SUV,AC105kW,105,263,0
2020 MG ZS EV Essence Auto MY21,41990,2020,MG,ZS EV,SUV,AC105kW,105,263,0
2020 MG ZS EV Essence Auto MY21,41990,2020,MG,ZS EV,SUV,AC105kW,105,263,0
2020 MG ZS EV Essence Auto MY21,41990,2020,MG,ZS EV,SUV,AC105kW,105,263,0
2020 MG ZS EV Essence Auto MY21,41990,2020,MG,ZS EV,SUV,AC105kW,105,263,0
2020 MG ZS EV Essence Auto MY21,41990,2020,MG,ZS EV,SUV,AC105kW,105,263,0
2020 MG ZS EV Essence Auto MY21,41990,2020,MG,ZS EV,SUV,AC105kW,105,263,0
2020 MG ZS EV Essence Auto MY21,41990,2020,MG,ZS EV,SUV,AC105kW,105,263,0
2020 MG ZS EV Essence Auto MY21,41990,2020,MG,ZS EV,SUV,AC105kW,105,263,0
2020 MG ZS EV Essence Auto MY21,41990,2020,MG,ZS EV,SUV,AC105kW,105,263,0
2020 MG ZS EV Essence Auto MY21,41990,2020,MG,ZS EV,SUV,AC105kW,105,263,0
2020 MG ZS EV Essence Auto MY21,41990,2020,MG,ZS EV,SUV,AC105kW,105,263,0
2020 MG ZS EV Essence Auto MY21,41990,2020,MG,ZS EV,SUV,AC105kW,105,263,0
2020 MG ZS EV Essence Auto MY21,41990,2020,MG,ZS EV,SUV,AC105kW,105,263,0
2020 MG ZS EV Essence Auto MY21,41990,2020,MG,ZS EV,SUV,AC105kW,105,263,0
2020 MG ZS EV Essence Auto MY21,41990,2020,MG,ZS EV,SUV,AC105kW,105,263,0
2021 Hyundai Kona electric Highlander Auto MY21,,2021,Hyundai,Kona,SUV,DC150kW,150,557,0
2020 Hyundai IONIQ electric Elite Auto MY20,,2020,Hyundai,IONIQ,Hatch,DC100kW,100,373,0
2020 Hyundai IONIQ electric Elite Auto MY20,,2020,Hyundai,IONIQ,Hatch,DC100kW,100,373,0
2021 Hyundai Kona electric Highlander Auto MY21,,2021,Hyundai,Kona,SUV,DC150kW,150,557,0
2021 Hyundai IONIQ electric Premium Auto MY21,,2021,Hyundai,IONIQ,Hatch,DC100kW,100,373,0
2021 Hyundai IONIQ electric Elite Auto MY21,,2021,Hyundai,IONIQ,Hatch,DC100kW,100,373,0
2021 Hyundai Kona electric Highlander Auto MY21,,2021,Hyundai,Kona,SUV,DC150kW,150,557,0
2021 Nissan LEAF e+ ZE1 Auto,,2021,Nissan,LEAF,Hatch,AC160kW,160,450,0
2020 Hyundai IONIQ electric Elite Auto MY21,,2020,Hyundai,IONIQ,Hatch,DC100kW,100,373,0
2021 Hyundai IONIQ electric Premium Auto MY21,,2021,Hyundai,IONIQ,Hatch,DC100kW,100,373,0
2021 Hyundai Kona electric Highlander Auto MY21,,2021,Hyundai,Kona,SUV,DC150kW,150,557,0
2021 Hyundai Kona electric Elite Auto MY21,,2021,Hyundai,Kona,SUV,DC150kW,150,557,0
2019 Nissan LEAF ZE1 Auto,,2019,Nissan,LEAF,Hatch,AC110kW,110,270,0
2020 Tesla Model X Performance Auto AWD,224888,2020,Tesla,Model X,SUV,335KW,335,619,8991
2018 Tesla Model S P100D Auto AWD,178000,2018,Tesla,Model S,Hatch,AC375kW,375,613,32781
2017 Tesla Model X P100D Auto AWD,170000,2017,Tesla,Model X,SUV,AC375kW,375,270,44274
2018 Tesla Model S P100D Auto AWD,170000,2018,Tesla,Model S,Hatch,AC375kW,375,613,23472
2020 Tesla Model S Performance Auto AWD,169000,2020,Tesla,Model S,Hatch,335KW,335,671,14000
2020 Tesla Model S Performance Auto AWD,168888,2020,Tesla,Model S,Hatch,335KW,335,671,7800
2018 Tesla Model X P100D Auto AWD,168000,2018,Tesla,Model X,SUV,AC375kW,375,542,58502
2020 Audi e-tron 55 Auto quattro MY20,164850,2020,Audi,e-tron,SUV,AC265kW,265,446,9831
2020 Audi e-tron 55 First Edition Auto quattro MY20,160000,2020,Audi,e-tron,SUV,AC265kW,265,446,9599
2019 Tesla Model S Long Range Auto AWD,160000,2019,Tesla,Model S,Hatch,258KW,258,660,37218
2017 Tesla Model S P100D Auto AWD,159000,2017,Tesla,Model S,Hatch,AC375kW,375,613,25000
2019 Tesla Model X 75D Auto AWD,159000,2019,Tesla,Model X,SUV,AC193kW,193,270,11627
2018 Tesla Model X 100D Auto AWD,155000,2018,Tesla,Model X,SUV,AC193kW,193,565,54000
2018 Tesla Model S P100D Auto AWD,155000,2018,Tesla,Model S,Hatch,AC375kW,375,613,25000
2018 Tesla Model X 100D Auto AWD,155000,2018,Tesla,Model X,SUV,AC193kW,193,270,49900
2019 Tesla Model S Long Range Auto AWD,152000,2019,Tesla,Model S,Hatch,258KW,258,713,8600
2020 Tesla Model S Long Range Plus Auto AWD,150000,2020,Tesla,Model S,Hatch,258KW,258,722,9960
2020 Audi e-tron 50 Auto quattro MY21,150000,2020,Audi,e-tron,SUV,AC230kW,230,341,3900
2018 Tesla Model X 75D Auto AWD,149000,2018,Tesla,Model X,SUV,AC193kW,193,417,30800
2017 Tesla Model X P100D Auto AWD,148000,2017,Tesla,Model X,SUV,AC375kW,375,270,88350
2019 Tesla Model X Long Range Auto AWD,147000,2019,Tesla,Model X,SUV,258KW,258,270,54000
2020 Audi e-tron 55 First Edition Auto quattro MY20,152308,2020,Audi,e-tron,SUV,AC265kW,265,446,12853
2017 Tesla Model S P100D Auto AWD,145000,2017,Tesla,Model S,Hatch,AC375kW,375,613,22000
2018 Tesla Model S 100D Auto AWD,140000,2018,Tesla,Model S,Hatch,AC193kW,193,632,29607
2019 Tesla Model X 75D Auto AWD,140000,2019,Tesla,Model X,SUV,AC193kW,193,270,74000
2017 Tesla Model X 75D Auto AWD,139999,2017,Tesla,Model X,SUV,AC193kW,193,270,59435
2018 Tesla Model X 75D Auto AWD,144070,2018,Tesla,Model X,SUV,AC193kW,193,417,30192
2017 Tesla Model X 75D Auto AWD,138000,2017,Tesla,Model X,SUV,AC193kW,193,270,20200
2017 Tesla Model X 100D Auto AWD,135000,2017,Tesla,Model X,SUV,AC193kW,193,565,64194
2021 Mercedes-Benz EQC EQC400 Auto 4MATIC,135000,2021,Mercedes-Benz,EQC,SUV,AC300kW,300,434,2500
2017 Tesla Model S P100D Auto AWD,135000,2017,Tesla,Model S,Hatch,AC375kW,375,613,90000
2018 Tesla Model X 75D Auto AWD,134990,2018,Tesla,Model X,SUV,AC193kW,193,417,44263
2017 Tesla Model X 100D Auto AWD,138800,2017,Tesla,Model X,SUV,AC193kW,193,565,91500
2018 Tesla Model X 75D Auto AWD,132900,2018,Tesla,Model X,SUV,AC193kW,193,417,35400
2017 Tesla Model S P100D Auto AWD,130000,2017,Tesla,Model S,Hatch,AC375kW,375,613,25000
2018 Tesla Model X 75D Auto AWD,130000,2018,Tesla,Model X,SUV,AC193kW,193,270,79368
2019 Jaguar I-PACE EV400 HSE Auto AWD MY19,129990,2019,Jaguar,I-PACE,SUV,294kW,294,270,37199
2020 Jaguar I-PACE EV400 SE Auto AWD MY20,127990,2020,Jaguar,I-PACE,SUV,294kW,294,270,16677
2017 Tesla Model X 75D Auto AWD,121900,2017,Tesla,Model X,SUV,AC193kW,193,270,55100
2019 Tesla Model S 75D Auto AWD,119990,2019,Tesla,Model S,Hatch,AC193kW,193,270,61470
2016 Tesla Model S P90D Auto AWD,118000,2016,Tesla,Model S,Hatch,AC375kW,375,509,32000
2018 Tesla Model S 75D Auto AWD,110000,2018,Tesla,Model S,Hatch,AC193kW,193,490,20322
2018 Tesla Model S 75D Auto AWD,110000,2018,Tesla,Model S,Hatch,AC193kW,193,490,16940
2018 Jaguar I-PACE EV400 HSE Auto AWD MY19,105000,2018,Jaguar,I-PACE,SUV,294kW,294,446,23400
2020 Tesla Model 3 Performance Auto AWD,102990,2020,Tesla,Model 3,Sedan,335KW,335,270,17500
2017 Tesla Model S 100D Auto AWD,102500,2017,Tesla,Model S,Hatch,AC193kW,193,632,73000
2016 Tesla Model S 75D Auto AWD,101000,2016,Tesla,Model S,Hatch,AC193kW,193,490,55000
2017 Tesla Model S 90D Auto AWD,99990,2017,Tesla,Model S,Hatch,AC193kW,193,557,42854
2015 Tesla Model S P85D Auto AWD,99988,2015,Tesla,Model S,Hatch,AC375kW,375,502,53701
2016 Tesla Model S 90D Auto AWD,99500,2016,Tesla,Model S,Hatch,AC193kW,193,557,92755
2015 Tesla Model S P85D Auto AWD,99500,2015,Tesla,Model S,Hatch,AC375kW,375,502,93000
2015 Tesla Model S P90D Auto AWD,99000,2015,Tesla,Model S,Hatch,AC375kW,375,505,60000
2014 Tesla Model S P85 Auto,99000,2014,Tesla,Model S,Hatch,AC310kW,310,502,40339
2016 Tesla Model S P90D Auto AWD,99000,2016,Tesla,Model S,Hatch,AC375kW,375,509,140000
2020 Tesla Model 3 Performance Auto AWD,98000,2020,Tesla,Model 3,Sedan,335KW,335,270,12000
2019 Tesla Model S 75D Auto AWD,98000,2019,Tesla,Model S,Hatch,AC193kW,193,270,75000
2020 Tesla Model 3 Performance Auto AWD,95900,2020,Tesla,Model 3,Sedan,335KW,335,270,5500
2017 Tesla Model S 75 Auto,95000,2017,Tesla,Model S,Hatch,AC235kW,235,480,45000
2015 Tesla Model S P85D Auto AWD,95000,2015,Tesla,Model S,Hatch,AC375kW,375,502,73060
2015 Tesla Model S P85D Auto AWD,94990,2015,Tesla,Model S,Hatch,AC375kW,375,502,40432
2019 Tesla Model 3 Performance Auto AWD,93950,2019,Tesla,Model 3,Sedan,335KW,335,270,9000
2015 Tesla Model S P85D Auto AWD,93950,2015,Tesla,Model S,Hatch,AC375kW,375,502,64550
2019 Tesla Model 3 Performance Auto AWD,92990,2019,Tesla,Model 3,Sedan,335KW,335,270,35000
2019 Tesla Model 3 Performance Auto AWD,92990,2019,Tesla,Model 3,Sedan,335KW,335,270,20988
2015 Tesla Model S P85D Auto AWD,92500,2015,Tesla,Model S,Hatch,AC375kW,375,502,95620
2016 Tesla Model S 75 Auto,97990,2016,Tesla,Model S,Hatch,AC235kW,235,480,52400
2021 Tesla Model 3 Performance Auto AWD,90000,2021,Tesla,Model 3,Sedan,335KW,335,628,4200
2019 Tesla Model 3 Performance Auto AWD,89999,2019,Tesla,Model 3,Sedan,335KW,335,270,10853
2019 Tesla Model 3 Performance Auto AWD,89990,2019,Tesla,Model 3,Sedan,335KW,335,270,15252
2018 Tesla Model S 75D Auto AWD,89990,2018,Tesla,Model S,Hatch,AC193kW,193,490,65000
2016 Tesla Model S 90D Auto AWD,89000,2016,Tesla,Model S,Hatch,AC193kW,193,557,71000
2017 Tesla Model S 75D Auto AWD,87000,2017,Tesla,Model S,Hatch,AC193kW,193,490,88500
2015 Tesla Model S 70D Auto AWD,85000,2015,Tesla,Model S,Hatch,AC193kW,193,442,60000
2015 Tesla Model S P85D Auto AWD,84999,2015,Tesla,Model S,Hatch,AC375kW,375,502,37000
2015 Tesla Model S 70D Auto AWD,84990,2015,Tesla,Model S,Hatch,AC193kW,193,442,77878
2021 Tesla Model 3 Standard Range Plus Auto,84500,2021,Tesla,Model 3,Sedan,AC190kW,190,508,3100
2015 Tesla Model S 85D Auto AWD,83780,2015,Tesla,Model S,Hatch,AC193kW,193,502,127800
2016 Tesla Model S 70D Auto AWD,82000,2016,Tesla,Model S,Hatch,AC193kW,193,442,48962
2016 Tesla Model S 75D Auto AWD,84990,2016,Tesla,Model S,Hatch,AC193kW,193,490,107189
2015 Tesla Model S P85D Auto AWD,80990,2015,Tesla,Model S,Hatch,AC375kW,375,502,121085
2015 Tesla Model S 85D Auto AWD,79990,2015,Tesla,Model S,Hatch,AC193kW,193,502,69000
2016 Tesla Model S 75 Auto,79990,2016,Tesla,Model S,Hatch,AC235kW,235,480,51020
2014 Tesla Model S P85 Auto,79900,2014,Tesla,Model S,Hatch,AC310kW,310,502,71452
2020 Tesla Model 3 Long Range Auto AWD,78000,2020,Tesla,Model 3,Sedan,258KW,258,270,10400
2015 Tesla Model S 85D Auto AWD,77250,2015,Tesla,Model S,Hatch,AC193kW,193,502,44882
2015 Tesla Model S 85 Auto,76800,2015,Tesla,Model S,Hatch,AC278kW,278,502,40641
2020 Tesla Model 3 Standard Range Plus Auto,75000,2020,Tesla,Model 3,Sedan,AC190kW,190,270,15400
2021 Tesla Model 3 Standard Range Plus Auto,75000,2021,Tesla,Model 3,Sedan,AC190kW,190,508,3800
2015 Tesla Model S 85 Auto,74990,2015,Tesla,Model S,Hatch,AC278kW,278,502,57623
2020 Tesla Model 3 Standard Range Plus Auto,69999,2020,Tesla,Model 3,Sedan,AC190kW,190,270,22308
2021 Tesla Model 3 Standard Range Plus Auto,69999,2021,Tesla,Model 3,Sedan,AC190kW,190,508,17200
2021 Tesla Model 3 Standard Range Plus Auto,69999,2021,Tesla,Model 3,Sedan,AC190kW,190,508,3453
2021 Tesla Model 3 Standard Range Plus Auto,69999,2021,Tesla,Model 3,Sedan,AC190kW,190,508,7000
2014 Tesla Model S 85 Auto,69990,2014,Tesla,Model S,Hatch,AC270kW,270,502,94310
2019 Tesla Model 3 Standard Range Plus Auto,68990,2019,Tesla,Model 3,Sedan,AC190kW,190,270,10994
2020 Tesla Model 3 Standard Range Plus Auto,68990,2020,Tesla,Model 3,Sedan,AC190kW,190,270,13636
2021 Tesla Model 3 Standard Range Plus Auto,68980,2021,Tesla,Model 3,Sedan,AC190kW,190,508,12595
2014 Tesla Model S 85 Auto,68499,2014,Tesla,Model S,Hatch,AC270kW,270,502,62778
2021 Tesla Model 3 Standard Range Plus Auto,68000,2021,Tesla,Model 3,Sedan,AC190kW,190,508,1000
2019 Tesla Model 3 Standard Range Plus Auto,66999,2019,Tesla,Model 3,Sedan,AC190kW,190,270,33000
2019 Tesla Model 3 Standard Range Plus Auto,66990,2019,Tesla,Model 3,Sedan,AC190kW,190,270,45000
2020 BMW i3 s 120Ah I01 Auto,68990,2020,BMW,i3,Hatch,DC135kW,135,260,14700
2020 Tesla Model 3 Standard Range Plus Auto,64990,2020,Tesla,Model 3,Sedan,AC190kW,190,270,39207
2020 Tesla Model 3 Standard Range Plus Auto,64900,2020,Tesla,Model 3,Sedan,AC190kW,190,270,25670
2019 Tesla Model 3 Standard Range Plus Auto,63990,2019,Tesla,Model 3,Sedan,AC190kW,190,270,16894
2021 Tesla Model 3 Standard Range Plus Auto,63500,2021,Tesla,Model 3,Sedan,AC190kW,190,508,4900
2020 Tesla Model 3 Standard Range Plus Auto,62990,2020,Tesla,Model 3,Sedan,AC190kW,190,270,55292
2019 Hyundai Kona electric Highlander Auto MY21,61830,2019,Hyundai,Kona,SUV,DC150kW,150,557,37502
2019 Tesla Model 3 Standard Range Plus Auto,60900,2019,Tesla,Model 3,Sedan,AC190kW,190,270,54000
2021 Tesla Model 3 Standard Range Plus Auto,59999,2021,Tesla,Model 3,Sedan,AC190kW,190,508,8990
2019 Tesla Model 3 Standard Range Plus Auto,59990,2019,Tesla,Model 3,Sedan,AC190kW,190,270,52000
2017 BMW i3 s 94Ah I01 Auto,59900,2017,BMW,i3,Hatch,DC135kW,135,260,17979
2019 Tesla Model 3 Standard Range Plus Auto,58000,2019,Tesla,Model 3,Sedan,AC190kW,190,270,19000
2019 Hyundai Kona electric Highlander Auto MY19,57888,2019,Hyundai,Kona,SUV,DC150kW,150,557,23051
2020 MINI Hatch Cooper SE First Edition Auto,59990,2020,MINI,Hatch,Hatch,DC135kW,135,270,10383
2019 BMW i3 s 120Ah I01 Auto,59888,2019,BMW,i3,Hatch,DC135kW,135,260,30165
2018 BMW i3 s 94Ah I01 Auto,56000,2018,BMW,i3,Hatch,DC135kW,135,260,22500
2020 Hyundai Kona electric Highlander Auto MY20,55800,2020,Hyundai,Kona,SUV,DC150kW,150,557,16800
2019 Hyundai Kona electric Highlander Auto MY19,54500,2019,Hyundai,Kona,SUV,DC150kW,150,557,35800
2019 Hyundai Kona electric Highlander Auto MY21,55980,2019,Hyundai,Kona,SUV,DC150kW,150,557,27179
2019 Hyundai Kona electric Highlander Auto MY19,53497,2019,Hyundai,Kona,SUV,DC150kW,150,557,27492
2017 BMW i3 94Ah I01 Auto,52990,2017,BMW,i3,Hatch,DC125kW,125,312,42733
2019 Hyundai Kona electric Elite Auto MY20,52690,2019,Hyundai,Kona,SUV,DC150kW,150,557,15821
2019 Nissan LEAF e+ Autech ZE1 Auto,52500,2019,Nissan,LEAF,Hatch,AC160kW,160,270,26581
2017 BMW i3 94Ah I01 Auto,52000,2017,BMW,i3,Hatch,DC125kW,125,312,46000
2019 Nissan LEAF e+ X ZE1 Auto,51990,2019,Nissan,LEAF,Hatch,AC160kW,160,270,12940
2020 Hyundai Kona electric Elite Auto MY20,51987,2020,Hyundai,Kona,SUV,DC150kW,150,557,18350
2019 Nissan LEAF e+ X ZE1 Auto,52990,2019,Nissan,LEAF,Hatch,AC160kW,160,270,9957
2019 Hyundai Kona electric Highlander Auto MY21,54990,2019,Hyundai,Kona,SUV,DC150kW,150,557,39380
2019 Hyundai Kona electric Elite Auto MY19,49995,2019,Hyundai,Kona,SUV,DC150kW,150,557,29033
2019 Hyundai Kona electric Elite Auto MY19,49995,2019,Hyundai,Kona,SUV,DC150kW,150,557,65109
2019 Nissan LEAF e+ X ZE1 Auto,50990,2019,Nissan,LEAF,Hatch,AC160kW,160,270,12239
2019 Nissan LEAF ZE1 Auto,46990,2019,Nissan,LEAF,Hatch,AC110kW,110,270,1953
2019 Nissan LEAF ZE1 Auto,46990,2019,Nissan,LEAF,Hatch,AC110kW,110,270,2495
2019 Nissan LEAF e+ X ZE1 Auto,48990,2019,Nissan,LEAF,Hatch,AC160kW,160,270,17512
2019 Nissan LEAF ZE1 Auto,45990,2019,Nissan,LEAF,Hatch,AC110kW,110,270,3259
2019 Hyundai IONIQ electric Premium Auto MY19,46990,2019,Hyundai,IONIQ,Hatch,DC88kWE,88,115,8950
2019 Hyundai Kona electric Launch Edition Auto MY19,46980,2019,Hyundai,Kona,SUV,DC150kW,150,557,40738
2019 Nissan LEAF ZE1 Auto,44965,2019,Nissan,LEAF,Hatch,AC110kW,110,270,9231
2020 Hyundai IONIQ electric Elite Auto MY20,45736,2020,Hyundai,IONIQ,Hatch,DC100kW,100,373,33382
2016 BMW i3 60Ah I01 Auto,42995,2016,BMW,i3,Hatch,DC125kW,125,190,19250
2019 Nissan LEAF ZE1 Auto,42990,2019,Nissan,LEAF,Hatch,AC110kW,110,270,8365
2021 MG ZS EV Essence Auto MY21,42888,2021,MG,ZS EV,SUV,AC105kW,105,263,2465
2020 Nissan LEAF ZE1 Auto,44888,2020,Nissan,LEAF,Hatch,AC110kW,110,270,8912
2019 Nissan LEAF ZE1 Auto,42500,2019,Nissan,LEAF,Hatch,AC110kW,110,270,23500
2019 Nissan LEAF ZE1 Auto,42500,2019,Nissan,LEAF,Hatch,AC110kW,110,270,7200
2021 MG ZS EV Essence Auto MY21,41888,2021,MG,ZS EV,SUV,AC105kW,105,263,4565
2020 MG ZS EV Essence Auto MY21,41490,2020,MG,ZS EV,SUV,AC105kW,105,263,1457
2019 Nissan LEAF ZE1 Auto,41000,2019,Nissan,LEAF,Hatch,AC110kW,110,270,18515
2019 Nissan LEAF ZE1 Auto,41690,2019,Nissan,LEAF,Hatch,AC110kW,110,270,8247
2019 Nissan LEAF ZE1 Auto,38990,2019,Nissan,LEAF,Hatch,AC110kW,110,270,16755
2018 Nissan LEAF ZE1 Auto,38988,2018,Nissan,LEAF,Hatch,AC110kW,110,270,16901
2016 Nissan LEAF X AZE0 Auto,38988,2016,Nissan,LEAF,Hatch,80,80,270,19551
2018 Nissan LEAF ZE1 Auto,38800,2018,Nissan,LEAF,Hatch,AC110kW,110,270,29500
2020 MG ZS EV Essence Auto MY21,38500,2020,MG,ZS EV,SUV,AC105kW,105,263,10915
2018 Nissan LEAF ZE1 Auto,39590,2018,Nissan,LEAF,Hatch,AC110kW,110,270,19032
2015 BMW i3 60Ah I01 Auto,37990,2015,BMW,i3,Hatch,DC125kW,125,190,26906
2017 Nissan LEAF ZE1 Auto,35990,2017,Nissan,LEAF,Hatch,AC110kW,110,270,29753
2018 Nissan LEAF ZE1 Auto,35800,2018,Nissan,LEAF,Hatch,AC110kW,110,270,12570
2014 BMW i3 60Ah I01 Auto,36990,2014,BMW,i3,Hatch,DC125kW,125,190,52737
2018 Nissan LEAF ZE1 Auto,36990,2018,Nissan,LEAF,Hatch,AC110kW,110,270,58522
2017 Nissan LEAF ZE1 Auto,34990,2017,Nissan,LEAF,Hatch,AC110kW,110,270,30703
2018 Nissan LEAF ZE1 Auto,34950,2018,Nissan,LEAF,Hatch,AC110kW,110,270,24887
2018 Nissan LEAF ZE1 Auto,33880,2018,Nissan,LEAF,Hatch,AC110kW,110,270,27100
2018 Nissan LEAF ZE1 Auto,31500,2018,Nissan,LEAF,Hatch,AC110kW,110,270,21405
2015 BMW i3 60Ah I01 Auto,31293,2015,BMW,i3,Hatch,DC125kW,125,190,118194
2016 Nissan LEAF Autech AZE0 Auto,29300,2016,Nissan,LEAF,Hatch,80,80,270,44000
2016 Nissan LEAF S AZE0 Auto,28888,2016,Nissan,LEAF,Hatch,80,80,270,27153
2016 Renault Kangoo Maxi Z.E LWB Auto,28650,2016,Renault,Kangoo,Van,AC44kWE,44,200,17887
2017 Nissan LEAF G Thanks Edition AZE0 Auto,28990,2017,Nissan,LEAF,Hatch,,,270,7153
2015 Nissan LEAF AZE0 Auto,26990,2015,Nissan,LEAF,Hatch,AC80kWE,80,270,62257
2016 Nissan LEAF G AZE0 Auto,26888,2016,Nissan,LEAF,Hatch,80,80,270,34380
2016 Nissan LEAF G AZE0 Auto,26990,2016,Nissan,LEAF,Hatch,80,80,270,39312
2016 Nissan LEAF X AZE0 Auto,25100,2016,Nissan,LEAF,Hatch,80,80,270,31000
2013 Renault Kangoo Maxi Z.E LWB Auto,24990,2013,Renault,Kangoo,Van,AC44kWE,44,200,34755
2015 Nissan e-NV200 Auto,25990,2015,Nissan,,,AC80kWE,80,270,64015
2015 Nissan LEAF AZE0 Auto,24000,2015,Nissan,LEAF,Hatch,AC80kWE,80,270,32000
2014 Nissan LEAF AZE0 Auto,22888,2014,Nissan,LEAF,Hatch,AC80kWE,80,270,51378
2016 Nissan LEAF X AZE0 Auto,22000,2016,Nissan,LEAF,Hatch,80,80,270,38200
2016 Nissan LEAF S AZE0 Auto,21999,2016,Nissan,LEAF,Hatch,80,80,270,38500
2016 Nissan LEAF G AZE0 Auto,21990,2016,Nissan,LEAF,Hatch,80,80,270,40797
2014 Nissan LEAF AZE0 Auto,20988,2014,Nissan,LEAF,Hatch,AC80kWE,80,270,38417
2013 Nissan LEAF AZE0 Auto,20988,2013,Nissan,LEAF,Hatch,AC80kWE,80,270,37535
2016 Nissan LEAF G AZE0 Auto,20500,2016,Nissan,LEAF,Hatch,80,80,270,25000
2015 Nissan LEAF AZE0 Auto,19999,2015,Nissan,LEAF,Hatch,AC80kWE,80,270,61000
2013 Nissan LEAF AZE0 Auto,19990,2013,Nissan,LEAF,Hatch,AC80kWE,80,270,59000
2015 Nissan LEAF Autech AZE0 Auto,19990,2015,Nissan,LEAF,Hatch,AC80kWE,80,270,75000
2016 Nissan LEAF G AZE0 Auto,20990,2016,Nissan,LEAF,Hatch,80,80,270,30390
2014 Nissan LEAF AZE0 Auto,19988,2014,Nissan,LEAF,Hatch,AC80kWE,80,270,38446
2014 Nissan LEAF AZE0 Auto,19950,2014,Nissan,LEAF,Hatch,AC80kWE,80,270,57200
2013 Nissan LEAF AZE0 Auto,18888,2013,Nissan,LEAF,Hatch,AC80kWE,80,270,73367
2013 Nissan LEAF AZE0 Auto,18750,2013,Nissan,LEAF,Hatch,AC80kWE,80,270,43000
2014 Nissan LEAF AZE0 Auto,18400,2014,Nissan,LEAF,Hatch,AC80kWE,80,270,49000
2015 Nissan LEAF Autech AZE0 Auto,18990,2015,Nissan,LEAF,Hatch,AC80kWE,80,270,65798
2013 Nissan LEAF AZE0 Auto,18000,2013,Nissan,LEAF,Hatch,AC80kWE,80,270,63800
2013 Nissan LEAF AZE0 Auto,17990,2013,Nissan,LEAF,Hatch,AC80kWE,80,270,32471
2012 Nissan LEAF ZE0 Auto,17990,2012,Nissan,LEAF,Hatch,AC80kWE,80,120,33015
2012 Nissan LEAF ZE0 Auto,17500,2012,Nissan,LEAF,Hatch,AC80kWE,80,120,46700
2012 Nissan LEAF ZE0 Auto,17250,2012,Nissan,LEAF,Hatch,AC80kWE,80,120,70000
2013 Nissan LEAF AZE0 Auto,15900,2013,Nissan,LEAF,Hatch,AC80kWE,80,270,57192
2012 Nissan LEAF ZE0 Auto,15950,2012,Nissan,LEAF,Hatch,AC80kWE,80,120,58912
2010 Mitsubishi i-MiEV GA Auto MY10,8900,2010,Mitsubishi,,Hatch,AC47kWE,47,160,80000
2020 Porsche Taycan Turbo S Y1A Auto AWD MY21,379800,2020,Porsche,Taycan,Sedan,AC460kW,460,405,100
2021 Porsche Taycan Turbo Y1A Auto AWD MY21,319500,2021,Porsche,Taycan,Sedan,AC460kW,460,420,1829
2020 Porsche Taycan Turbo Y1A Auto AWD MY21,327900,2020,Porsche,Taycan,Sedan,AC460kW,460,420,655
2020 Porsche Taycan Turbo Y1A Auto AWD MY21,324990,2020,Porsche,Taycan,Sedan,AC460kW,460,420,5011
2021 Porsche Taycan 4S Y1A Auto AWD MY21,239995,2021,Porsche,Taycan,Sedan,AC320kW,320,365,54
2020 Audi e-tron 55 First Edition Auto quattro MY20,199125,2020,Audi,e-tron,SUV,AC265kW,265,446,4200
2021 Audi e-tron 50 Auto quattro MY21,181054,2021,Audi,e-tron,SUV,AC230kW,230,341,2536
2021 Jaguar I-PACE EV400 HSE Auto AWD MY21,179888,2021,Jaguar,I-PACE,SUV,294kW,294,270,10
2021 Audi e-tron 55 Auto quattro MY21,178990,2021,Audi,e-tron,SUV,AC265kW,265,463,2800
2020 Audi e-tron 55 Auto quattro MY20,172850,2020,Audi,e-tron,SUV,AC265kW,265,446,4296
2020 Audi e-tron 55 First Edition Auto quattro MY20,171880,2020,Audi,e-tron,SUV,AC265kW,265,436,2010
2021 Jaguar I-PACE EV400 HSE Auto AWD MY21,169990,2021,Jaguar,I-PACE,SUV,294kW,294,270,10
2020 Audi e-tron 55 Auto quattro MY21,169990,2020,Audi,e-tron,SUV,AC265kW,265,463,2001
2020 Audi e-tron 55 Auto quattro MY20,169850,2020,Audi,e-tron,SUV,AC265kW,265,446,2346
2020 Audi e-tron 50 Auto quattro MY20,164990,2020,Audi,e-tron,SUV,AC230kW,230,347,2011
2021 Audi e-tron 55 Auto quattro MY21,169990,2021,Audi,e-tron,SUV,AC265kW,265,463,2800
2020 Audi e-tron 55 First Edition Auto quattro MY20,179990,2020,Audi,e-tron,SUV,AC265kW,265,446,2036
2021 Audi e-tron 50 Auto quattro MY21,162990,2021,Audi,e-tron,SUV,AC230kW,230,341,2300
2021 Audi e-tron 55 Auto quattro MY21,161990,2021,Audi,e-tron,SUV,AC265kW,265,452,2100
2020 Audi e-tron 50 Auto quattro MY20,169990,2020,Audi,e-tron,SUV,AC230kW,230,347,6021
2020 Audi e-tron 50 Auto quattro MY20,151880,2020,Audi,e-tron,SUV,AC230kW,230,336,7300
2019 Jaguar I-PACE EV400 SE Auto AWD MY20,149990,2019,Jaguar,I-PACE,SUV,294kW,294,270,1520
2019 Jaguar I-PACE EV400 HSE Auto AWD MY20,146089,2019,Jaguar,I-PACE,SUV,294kW,294,270,3860
2020 Audi e-tron 50 Auto quattro MY20,152308,2020,Audi,e-tron,SUV,AC230kW,230,347,3611
2020 Audi e-tron 55 Auto quattro MY20,144990,2020,Audi,e-tron,SUV,AC265kW,265,436,6772
2020 Audi e-tron 50 Auto quattro MY20,144850,2020,Audi,e-tron,SUV,AC230kW,230,336,2246
2020 Audi e-tron 55 Auto quattro MY20,139990,2020,Audi,e-tron,SUV,AC265kW,265,436,7700
2020 Audi e-tron 55 First Edition Auto quattro MY20,146008,2020,Audi,e-tron,SUV,AC265kW,265,446,7253
2020 Mercedes-Benz EQC EQC400 Electric Art Line Auto 4MATIC,137880,2020,Mercedes-Benz,EQC,SUV,AC300kW,300,434,2001
2020 Audi e-tron 55 First Edition Auto quattro MY20,139880,2020,Audi,e-tron,SUV,AC265kW,265,436,7106
2021 Mercedes-Benz EQC EQC400 Auto 4MATIC,144800,2021,Mercedes-Benz,EQC,SUV,AC300kW,300,434,2002
2020 Mercedes-Benz EQC EQC400 Auto 4MATIC,138888,2020,Mercedes-Benz,EQC,SUV,AC300kW,300,270,2069
2020 Mercedes-Benz EQC EQC400 Auto 4MATIC,131888,2020,Mercedes-Benz,EQC,SUV,AC300kW,300,270,5060
2019 Jaguar I-PACE EV400 SE Auto AWD MY20,124990,2019,Jaguar,I-PACE,SUV,294kW,294,270,5913
2019 Jaguar I-PACE EV400 SE Auto AWD MY20,124888,2019,Jaguar,I-PACE,SUV,294kW,294,270,3106
2019 Jaguar I-PACE EV400 SE Auto AWD MY20,129990,2019,Jaguar,I-PACE,SUV,294kW,294,270,1502
2020 Tesla Model 3 Performance Auto AWD,103990,2020,Tesla,Model 3,Sedan,335KW,335,628,6500
2019 Tesla Model 3 Performance Auto AWD,97900,2019,Tesla,Model 3,Sedan,335KW,335,270,1880
2020 Tesla Model 3 Performance Auto AWD,96880,2020,Tesla,Model 3,Sedan,335KW,335,628,355
2020 Tesla Model 3 Performance Auto AWD,94288,2020,Tesla,Model 3,Sedan,335KW,335,270,1679
2021 BMW i3 s 120Ah I01 Auto,83900,2021,BMW,i3,Hatch,DC135kW,135,260,1876
2021 BMW i3 s 120Ah I01 Auto,83900,2021,BMW,i3,Hatch,DC135kW,135,260,1522
2021 BMW i3 s 120Ah I01 Auto,79990,2021,BMW,i3,Hatch,DC135kW,135,260,3625
2021 BMW i3 s 120Ah I01 Auto,79800,2021,BMW,i3,Hatch,DC135kW,135,260,1750
2021 Hyundai Kona electric Highlander Auto MY21,71490,2021,Hyundai,Kona,SUV,DC150kW,150,557,2028
2021 MINI Hatch Cooper SE MINI Yours Auto,71445,2021,MINI,Hatch,Hatch,DC135kW,135,215,829
2021 MINI Hatch Cooper SE MINI Yours Auto,71315,2021,MINI,Hatch,Hatch,DC135kW,135,215,1511
2021 Kia Niro EV Sport Auto 2WD MY21,70990,2021,Kia,Niro,SUV,DC150kW,150,455,2815
2021 Tesla Model 3 Standard Range Plus Auto,70990,2021,Tesla,Model 3,Sedan,AC190kW,190,508,3530
2021 Kia Niro EV Sport Auto 2WD MY21,70990,2021,Kia,Niro,SUV,DC150kW,150,455,10
2020 Tesla Model 3 Standard Range Plus Auto,69999,2020,Tesla,Model 3,Sedan,AC190kW,190,490,7750
2021 Tesla Model 3 Standard Range Plus Auto,69990,2021,Tesla,Model 3,Sedan,AC190kW,190,508,6937
2021 Tesla Model 3 Standard Range Plus Auto,69990,2021,Tesla,Model 3,Sedan,AC190kW,190,508,1721
2020 Tesla Model 3 Standard Range Plus Auto,69990,2020,Tesla,Model 3,Sedan,AC190kW,190,270,4815
2021 Tesla Model 3 Standard Range Plus Auto,69900,2021,Tesla,Model 3,Sedan,AC190kW,190,508,1658
2021 MINI Hatch Cooper SE Classic Auto,69890,2021,MINI,Hatch,Hatch,DC135kW,135,215,1500
2021 Kia Niro EV Sport Auto 2WD MY21,69186,2021,Kia,Niro,SUV,DC150kW,150,455,2002
2021 MINI Hatch Cooper SE MINI Yours Auto,70801,2021,MINI,Hatch,Hatch,DC135kW,135,215,1550
2019 BMW i3 s 120Ah I01 Auto,68900,2019,BMW,i3,Hatch,DC135kW,135,260,2877
2021 Tesla Model 3 Standard Range Plus Auto,68888,2021,Tesla,Model 3,Sedan,AC190kW,190,508,2888
2021 Kia Niro EV Sport Auto 2WD MY21,68777,2021,Kia,Niro,SUV,DC150kW,150,455,2000
2021 Kia Niro EV Sport Auto 2WD MY21,68000,2021,Kia,Niro,SUV,DC150kW,150,455,2026
2021 Tesla Model 3 Standard Range Plus Auto,67999,2021,Tesla,Model 3,Sedan,AC190kW,190,508,1100
2020 Tesla Model 3 Standard Range Plus Auto,67990,2020,Tesla,Model 3,Sedan,AC190kW,190,490,7662
2021 Kia Niro EV S Auto 2WD MY21,67990,2021,Kia,Niro,SUV,DC150kW,150,455,5
2021 Kia Niro EV Sport Auto 2WD MY21,67700,2021,Kia,Niro,SUV,DC150kW,150,455,42
2021 Kia Niro EV S Auto 2WD MY21,67490,2021,Kia,Niro,SUV,DC150kW,150,455,1358
2021 MINI Hatch Cooper SE MINI Yours Auto,68500,2021,MINI,Hatch,Hatch,DC135kW,135,215,1700
2021 MINI Hatch Cooper SE MINI Yours Auto,68945,2021,MINI,Hatch,Hatch,DC135kW,135,215,1550
2021 MINI Hatch Cooper SE MINI Yours Auto,68566,2021,MINI,Hatch,Hatch,DC135kW,135,215,1688
2021 Kia Niro EV Sport Auto 2WD MY21,67990,2021,Kia,Niro,SUV,DC150kW,150,455,2162
2021 Kia Niro EV Sport Auto 2WD MY21,67990,2021,Kia,Niro,SUV,DC150kW,150,455,2111
2021 Kia Niro EV S Auto 2WD MY21,65999,2021,Kia,Niro,SUV,DC150kW,150,455,2106
2021 Kia Niro EV S Auto 2WD MY21,65990,2021,Kia,Niro,SUV,DC150kW,150,455,2148
2021 Nissan LEAF e+ ZE1 Auto,65990,2021,Nissan,LEAF,Hatch,AC160kW,160,450,5125
2021 MINI Hatch Cooper SE MINI Yours Auto,67990,2021,MINI,Hatch,Hatch,DC135kW,135,215,1550
2021 Kia Niro EV S Auto 2WD MY21,65888,2021,Kia,Niro,SUV,DC150kW,150,455,455
2021 Nissan LEAF e+ ZE1 Auto,65585,2021,Nissan,LEAF,Hatch,AC160kW,160,450,20
2021 Nissan LEAF e+ ZE1 Auto,65585,2021,Nissan,LEAF,Hatch,AC160kW,160,450,20
2021 Kia Niro EV S Auto 2WD MY21,68066,2021,Kia,Niro,SUV,DC150kW,150,455,63
2021 Kia Niro EV Sport Auto 2WD MY21,65000,2021,Kia,Niro,SUV,DC150kW,150,455,2090
2021 Tesla Model 3 Standard Range Plus Auto,64990,2021,Tesla,Model 3,Sedan,AC190kW,190,508,1021
2021 Kia Niro EV S Auto 2WD MY21,64990,2021,Kia,Niro,SUV,DC150kW,150,455,47
2019 BMW i3 s 120Ah I01 Auto,67000,2019,BMW,i3,Hatch,DC135kW,135,260,3952
2021 Kia Niro EV Sport Auto 2WD MY21,68888,2021,Kia,Niro,SUV,DC150kW,150,455,2006
2021 Kia Niro EV S Auto 2WD MY21,63990,2021,Kia,Niro,SUV,DC150kW,150,455,2050
2021 MINI Hatch Cooper SE Classic Auto,63888,2021,MINI,Hatch,Hatch,DC135kW,135,215,1521
2021 MINI Hatch Cooper SE Classic Auto,63888,2021,MINI,Hatch,Hatch,DC135kW,135,215,3500
2021 MINI Hatch Cooper SE Classic Auto,63785,2021,MINI,Hatch,Hatch,DC135kW,135,215,1511
2021 Kia Niro EV S Auto 2WD MY21,68020,2021,Kia,Niro,SUV,DC150kW,150,455,24
2021 Kia Niro EV S Auto 2WD MY21,63000,2021,Kia,Niro,SUV,DC150kW,150,455,2013
2021 Kia Niro EV Sport Auto 2WD MY21,62990,2021,Kia,Niro,SUV,DC150kW,150,455,2162
2021 MINI Hatch Cooper SE Classic Auto,62900,2021,MINI,Hatch,Hatch,DC135kW,135,215,1550
2020 MINI Hatch Cooper SE First Edition Auto,62889,2020,MINI,Hatch,Hatch,DC135kW,135,270,1578
2020 Nissan LEAF e+ ZE1 Auto,61990,2020,Nissan,LEAF,Hatch,AC160kW,160,270,1341
2021 MINI Hatch Cooper SE Classic Auto,63410,2021,MINI,Hatch,Hatch,DC135kW,135,215,1550
2021 Hyundai Kona electric Elite Auto MY21,61987,2021,Hyundai,Kona,SUV,DC150kW,150,557,2000
2021 MINI Hatch Cooper SE Classic Auto,62990,2021,MINI,Hatch,Hatch,DC135kW,135,215,1550
2021 Nissan LEAF e+ ZE1 Auto,61480,2021,Nissan,LEAF,Hatch,AC160kW,160,450,11
2021 MINI Hatch Cooper SE Classic Auto,61400,2021,MINI,Hatch,Hatch,DC135kW,135,215,1603
2021 Hyundai Kona electric Elite Auto MY21,63999,2021,Hyundai,Kona,SUV,DC150kW,150,557,2620
2021 MINI Hatch Cooper SE Classic Auto,61990,2021,MINI,Hatch,Hatch,DC135kW,135,215,1550
2021 Kia Niro EV S Auto 2WD MY21,63990,2021,Kia,Niro,SUV,DC150kW,150,455,2110
2021 Nissan LEAF e+ ZE1 Auto,59990,2021,Nissan,LEAF,Hatch,AC160kW,160,450,2566
2021 MINI Hatch Cooper SE First Edition Auto,59990,2021,MINI,Hatch,Hatch,DC135kW,135,270,1560
2021 MINI Hatch Cooper SE Classic Auto,59880,2021,MINI,Hatch,Hatch,DC135kW,135,215,1506
2021 MINI Hatch Cooper SE Classic Auto,60900,2021,MINI,Hatch,Hatch,DC135kW,135,215,1780
2019 Hyundai Kona electric Elite Auto MY20,60900,2019,Hyundai,Kona,SUV,DC150kW,150,557,3973
2020 Hyundai IONIQ electric Premium Auto MY21,57990,2020,Hyundai,IONIQ,Hatch,DC100kW,100,373,2014
2021 MINI Hatch Cooper SE Classic Auto,59898,2021,MINI,Hatch,Hatch,DC135kW,135,215,1699
2021 MINI Hatch Cooper SE Classic Auto,58990,2021,MINI,Hatch,Hatch,DC135kW,135,215,1501
2021 Hyundai IONIQ electric Premium Auto MY21,55490,2021,Hyundai,IONIQ,Hatch,DC100kW,100,373,2230
2020 Nissan LEAF e+ ZE1 Auto,54588,2020,Nissan,LEAF,Hatch,AC160kW,160,270,1130
2020 MINI Hatch Cooper SE First Edition Auto,55400,2020,MINI,Hatch,Hatch,DC135kW,135,270,1550
2019 Hyundai Kona electric Launch Edition Auto MY19,52990,2019,Hyundai,Kona,SUV,DC150kW,150,557,6217
2020 Hyundai IONIQ electric Elite Auto MY20,51980,2020,Hyundai,IONIQ,Hatch,DC100kW,100,373,3102
2019 Nissan LEAF ZE1 Auto,49990,2019,Nissan,LEAF,Hatch,AC110kW,110,270,129
2021 Hyundai IONIQ electric Elite Auto MY21,49987,2021,Hyundai,IONIQ,Hatch,DC100kW,100,373,2000
2019 Nissan LEAF ZE1 Auto,49888,2019,Nissan,LEAF,Hatch,AC110kW,110,270,1939
2020 Nissan LEAF ZE1 Auto,49888,2020,Nissan,LEAF,Hatch,AC110kW,110,270,73
2020 Nissan LEAF ZE1 Auto,49750,2020,Nissan,LEAF,Hatch,AC110kW,110,270,275
2020 Nissan LEAF ZE1 Auto,49566,2020,Nissan,LEAF,Hatch,AC110kW,110,270,3900
2019 Nissan LEAF ZE1 Auto,50900,2019,Nissan,LEAF,Hatch,AC110kW,110,270,51
2019 Nissan LEAF ZE1 Auto,48880,2019,Nissan,LEAF,Hatch,AC110kW,110,270,1159
2020 Nissan LEAF ZE1 Auto,47990,2020,Nissan,LEAF,Hatch,AC110kW,110,270,500
2019 Nissan LEAF ZE1 Auto,47990,2019,Nissan,LEAF,Hatch,AC110kW,110,270,340
2019 Nissan LEAF ZE1 Auto,47990,2019,Nissan,LEAF,Hatch,AC110kW,110,270,340
2020 Nissan LEAF ZE1 Auto,49990,2020,Nissan,LEAF,Hatch,AC110kW,110,270,2013
2019 Nissan LEAF ZE1 Auto,47888,2019,Nissan,LEAF,Hatch,AC110kW,110,270,475
2019 Hyundai IONIQ electric Elite Auto MY20,48980,2019,Hyundai,IONIQ,Hatch,DC100kW,100,373,5102
2020 Nissan LEAF ZE1 Auto,46898,2020,Nissan,LEAF,Hatch,AC110kW,110,270,4
2020 MG ZS EV Essence Auto MY21,46888,2020,MG,ZS EV,SUV,AC105kW,105,263,20
2019 Nissan LEAF ZE1 Auto,45990,2019,Nissan,LEAF,Hatch,AC110kW,110,270,4254
2020 Nissan LEAF ZE1 Auto,47490,2020,Nissan,LEAF,Hatch,AC110kW,110,270,1250
2019 Nissan LEAF ZE1 Auto,45988,2019,Nissan,LEAF,Hatch,AC110kW,110,270,1782
2020 Nissan LEAF ZE1 Auto,45965,2020,Nissan,LEAF,Hatch,AC110kW,110,270,544
2020 Nissan LEAF ZE1 Auto,45881,2020,Nissan,LEAF,Hatch,AC110kW,110,270,1008
2020 MG ZS EV Essence Auto MY21,45690,2020,MG,ZS EV,SUV,AC105kW,105,263,5
2020 MG ZS EV Essence Auto MY21,45690,2020,MG,ZS EV,SUV,AC105kW,105,263,101
2020 MG ZS EV Essence Auto MY21,45690,2020,MG,ZS EV,SUV,AC105kW,105,263,1450
2020 Nissan LEAF ZE1 Auto,44990,2020,Nissan,LEAF,Hatch,AC110kW,110,270,6816
2020 Nissan LEAF ZE1 Auto,44990,2020,Nissan,LEAF,Hatch,AC110kW,110,270,2351
2020 MG ZS EV Essence Auto MY21,44990,2020,MG,ZS EV,SUV,AC105kW,105,263,11
2020 MG ZS EV Essence Auto MY21,44990,2020,MG,ZS EV,SUV,AC105kW,105,263,1000
2020 MG ZS EV Essence Auto MY21,44990,2020,MG,ZS EV,SUV,AC105kW,105,263,100
2021 MG ZS EV Essence Auto MY21,44990,2021,MG,ZS EV,SUV,AC105kW,105,263,21
2019 Nissan LEAF ZE1 Auto,44965,2019,Nissan,LEAF,Hatch,AC110kW,110,270,5713
2019 Nissan LEAF ZE1 Auto,44965,2019,Nissan,LEAF,Hatch,AC110kW,110,270,5443
2020 Nissan LEAF ZE1 Auto,44888,2020,Nissan,LEAF,Hatch,AC110kW,110,270,1343
2020 MG ZS EV Essence Auto MY21,44590,2020,MG,ZS EV,SUV,AC105kW,105,263,798
2019 Nissan LEAF ZE1 Auto,43990,2019,Nissan,LEAF,Hatch,AC110kW,110,270,1448
2019 Renault Kangoo Maxi Z.E LWB Auto,43990,2019,Renault,Kangoo,Van,AC44kWE,44,200,1802
2018 Nissan LEAF ZE1 Auto,43990,2018,Nissan,LEAF,Hatch,AC110kW,110,270,4622
2020 MG ZS EV Essence Auto MY21,43990,2020,MG,ZS EV,SUV,AC105kW,105,263,60
2020 Nissan LEAF ZE1 Auto,43990,2020,Nissan,LEAF,Hatch,AC110kW,110,270,5358
2021 MG ZS EV Essence Auto MY21,43990,2021,MG,ZS EV,SUV,AC105kW,105,263,1500
2020 MG ZS EV Essence Auto MY21,43990,2020,MG,ZS EV,SUV,AC105kW,105,263,3500
2020 MG ZS EV Essence Auto MY21,43990,2020,MG,ZS EV,SUV,AC105kW,105,263,500
2021 MG ZS EV Essence Auto MY21,43990,2021,MG,ZS EV,SUV,AC105kW,105,263,30
2020 Nissan LEAF ZE1 Auto,43888,2020,Nissan,LEAF,Hatch,AC110kW,110,270,6012
2019 Nissan LEAF ZE1 Auto,43790,2019,Nissan,LEAF,Hatch,AC110kW,110,270,3560
2020 Nissan LEAF ZE1 Auto,43490,2020,Nissan,LEAF,Hatch,AC110kW,110,270,5009
2020 MG ZS EV Essence Auto MY21,43490,2020,MG,ZS EV,SUV,AC105kW,105,263,1280
2020 MG ZS EV Essence Auto MY21,43490,2020,MG,ZS EV,SUV,AC105kW,105,263,736
2020 MG ZS EV Essence Auto MY21,43290,2020,MG,ZS EV,SUV,AC105kW,105,263,1020
2019 Nissan LEAF ZE1 Auto,42990,2019,Nissan,LEAF,Hatch,AC110kW,110,270,7148
2021 MG ZS EV Essence Auto MY21,42990,2021,MG,ZS EV,SUV,AC105kW,105,263,1839
2019 Renault Zoe Intens Auto,42990,2019,Renault,,Hatch,,,200,25
2020 MG ZS EV Essence Auto MY21,42990,2020,MG,ZS EV,SUV,AC105kW,105,263,25
2020 MG ZS EV Essence Auto MY21,42990,2020,MG,ZS EV,SUV,AC105kW,105,263,1500
2021 MG ZS EV Essence Auto MY21,42990,2021,MG,ZS EV,SUV,AC105kW,105,263,1607
2020 MG ZS EV Essence Auto MY21,42990,2020,MG,ZS EV,SUV,AC105kW,105,263,2155
2021 MG ZS EV Essence Auto MY21,42890,2021,MG,ZS EV,SUV,AC105kW,105,263,3110
2019 Nissan LEAF ZE1 Auto,43990,2019,Nissan,LEAF,Hatch,AC110kW,110,270,3908
2020 MG ZS EV Essence Auto MY21,42490,2020,MG,ZS EV,SUV,AC105kW,105,263,785
2020 MG ZS EV Essence Auto MY21,44490,2020,MG,ZS EV,SUV,AC105kW,105,263,800
2020 MG ZS EV Essence Auto MY21,44990,2020,MG,ZS EV,SUV,AC105kW,105,263,13
2020 MG ZS EV Essence Auto MY21,41990,2020,MG,ZS EV,SUV,AC105kW,105,263,3100
2020 MG ZS EV Essence Auto MY21,43990,2020,MG,ZS EV,SUV,AC105kW,105,263,535
2020 MG ZS EV Essence Auto MY21,41990,2020,MG,ZS EV,SUV,AC105kW,105,263,1000
2020 MG ZS EV Essence Auto MY21,41990,2020,MG,ZS EV,SUV,AC105kW,105,263,52
2020 MG ZS EV Essence Auto MY21,41990,2020,MG,ZS EV,SUV,AC105kW,105,263,143
2020 MG ZS EV Essence Auto MY21,41990,2020,MG,ZS EV,SUV,AC105kW,105,263,1650
2020 MG ZS EV Essence Auto MY21,44990,2020,MG,ZS EV,SUV,AC105kW,105,263,8
2020 MG ZS EV Essence Auto MY21,43490,2020,MG,ZS EV,SUV,AC105kW,105,263,580
2020 Nissan LEAF ZE1 Auto,41490,2020,Nissan,LEAF,Hatch,AC110kW,110,270,6680
2020 MG ZS EV Essence Auto MY21,41490,2020,MG,ZS EV,SUV,AC105kW,105,263,1500
2020 Nissan LEAF ZE1 Auto,43490,2020,Nissan,LEAF,Hatch,AC110kW,110,270,5286
2019 Nissan LEAF ZE1 Auto,42999,2019,Nissan,LEAF,Hatch,AC110kW,110,270,6610
2019 Nissan LEAF ZE1 Auto,42990,2019,Nissan,LEAF,Hatch,AC110kW,110,270,4773
2020 MG ZS EV Essence Auto MY21,43990,2020,MG,ZS EV,SUV,AC105kW,105,263,237
2020 MG ZS EV Essence Auto MY21,42990,2020,MG,ZS EV,SUV,AC105kW,105,263,2513
2020 MG ZS EV Essence Auto MY21,41990,2020,MG,ZS EV,SUV,AC105kW,105,263,22
2020 MG ZS EV Essence Auto MY21,40888,2020,MG,ZS EV,SUV,AC105kW,105,263,3041
2020 MG ZS EV Essence Auto MY21,41990,2020,MG,ZS EV,SUV,AC105kW,105,263,1635
2020 MG ZS EV Essence Auto MY21,40490,2020,MG,ZS EV,SUV,AC105kW,105,263,1421
